{"type":"footer","name":"Footer group","sections":{"79ac395e-4da3-42dd-a581-ff150f22a33d":{"type":"text-with-icons","blocks":{"sections--19138350022998__79ac395e-4da3-42dd-a581-ff150f22a33d-168735400749284aaf-0":{"type":"item","settings":{"icon":"bi-computer-payment","title":"Gewaarborgde kwaliteit","content":"<p>Bij Rooftopshop krijg je de beste kwaliteit voor een aantrekkelijk tarief<\/p>"}},"sections--19138350022998__79ac395e-4da3-42dd-a581-ff150f22a33d-168735400749284aaf-1":{"type":"item","settings":{"icon":"bi-credit-card","title":"Retourneren","content":"<p>Je kunt jouw producten binnen 14 dagen retourneren*<\/p>"}},"sections--19138350022998__79ac395e-4da3-42dd-a581-ff150f22a33d-168735400749284aaf-2":{"type":"item","settings":{"icon":"bi-heart","title":"De beste klantenserivce","content":"<p>Onze experts staan van 09:00 tot 17:00 voor je klaar<\/p>"}},"sections--19138350022998__79ac395e-4da3-42dd-a581-ff150f22a33d-168735400749284aaf-3":{"type":"item","settings":{"icon":"bi-email","title":"Veilige betalingen","content":"<p>Alle online transacties zijn veilig bij Rooftopshop<\/p>"}}},"block_order":["sections--19138350022998__79ac395e-4da3-42dd-a581-ff150f22a33d-168735400749284aaf-0","sections--19138350022998__79ac395e-4da3-42dd-a581-ff150f22a33d-168735400749284aaf-1","sections--19138350022998__79ac395e-4da3-42dd-a581-ff150f22a33d-168735400749284aaf-2","sections--19138350022998__79ac395e-4da3-42dd-a581-ff150f22a33d-168735400749284aaf-3"],"settings":{"stack_mobile":false}},"footer":{"type":"footer","blocks":{"footer-0":{"type":"text","settings":{"title":"Rooftopshop","content":"<p>Het Arsenaal 32B<br\/>1781XP Den Helder<br\/><strong>E:<\/strong> <a href=\"mailto:info@rooftopshop.nl\" target=\"_blank\" title=\"mailto:info@rooftopshop.nl\">info@rooftopshop.nl<\/a><br\/><strong>T:<\/strong> <a href=\"tel:0850600649\" target=\"_blank\" title=\"tel:0850600649\">085 - 060 06 49<\/a><\/p><p><strong>KvK:<\/strong> 76950662<br\/><strong>BTW-id:<\/strong> NL860850924B01<br\/><strong>IBAN: <\/strong>NL43 RABO 0354 7244 01<\/p>"}},"b1d6aad7-91da-4e00-bb61-9aac62a9bfe4":{"type":"links","settings":{"menu":"service"}},"a949ac97-764a-450a-a064-6d5ea6eb9ebe":{"type":"links","settings":{"menu":"support"}},"footer-1":{"type":"links","settings":{"menu":"assortiment"}},"b95b9b84-d015-4a60-9a5f-c81e8c2c7fa0":{"type":"links","settings":{"menu":"montage-handleidingen"}}},"block_order":["footer-0","b1d6aad7-91da-4e00-bb61-9aac62a9bfe4","a949ac97-764a-450a-a064-6d5ea6eb9ebe","footer-1","b95b9b84-d015-4a60-9a5f-c81e8c2c7fa0"],"settings":{"show_social_media":true,"enable_follow_on_shop":false,"show_payment_icons":true,"show_locale_selector":false,"show_country_selector":false}}},"order":["79ac395e-4da3-42dd-a581-ff150f22a33d","footer"]}