{"parent":"footer-group.json","context":{"market":"belgie"},"sections":{"footer":{"settings":{},"blocks":{"footer-0":{"settings":{"content":"<p>Het Arsenaal 32B<br\/>1781XP Den Helder<br\/><strong>E:<\/strong> <a href=\"mailto:info@rooftopshop.nl\" target=\"_blank\" title=\"mailto:info@rooftopshop.be\">info@rooftopshop.be<\/a><br\/><strong>T:<\/strong> <a href=\"tel:0850600649\" target=\"_blank\" title=\"tel:0850600649\">085 - 060 06 49<\/a><\/p><p><strong>KvK:<\/strong> 76950662<br\/><strong>BTW-id:<\/strong> NL860850924B01<br\/><strong>IBAN: <\/strong>NL43 RABO 0354 7244 01<\/p>"}}}},"79ac395e-4da3-42dd-a581-ff150f22a33d":{"settings":{},"blocks":{"sections--19138350022998__79ac395e-4da3-42dd-a581-ff150f22a33d-168735400749284aaf-0":{"settings":{"content":"<p>Bij Rooftopshop krijgt u de beste kwaliteit voor een aantrekkelijk tarief<\/p>"}},"sections--19138350022998__79ac395e-4da3-42dd-a581-ff150f22a33d-168735400749284aaf-1":{"settings":{"content":"<p>U kunt uw producten binnen 14 dagen retourneren*<\/p>"}},"sections--19138350022998__79ac395e-4da3-42dd-a581-ff150f22a33d-168735400749284aaf-2":{"settings":{"content":"<p>Onze experts staan van 09:00 tot 17:00 voor u klaar<\/p>"}}}}}}