{"type":"header","name":"Header group","sections":{"announcement-bar":{"type":"announcement-bar","settings":{"background":"#1e2d7d","text_color":"#ffffff","text":"Gratis verzending vanaf 195,- (NL & BE)","text_position":"center","link":"","show_newsletter":false,"newsletter_button":"Subscribe & Save","newsletter_title":"Newsletter","newsletter_content":"<p>A short sentence describing what someone will receive by subscribing<\/p>"}},"header":{"type":"header","blocks":{"29b9fc1d-de35-47ee-b688-d2cda492c748":{"type":"mega_menu","settings":{"menu_item":"EPDM","image_1_heading":"Your image","image_1_text":"Tell your story","image_1_link":"","image_2_heading":"Your image","image_2_text":"Tell your story","image_2_link":""}},"5985facb-138e-41de-ba40-da4dad6c0cc0":{"type":"mega_menu","settings":{"menu_item":"Dakranden","image_1_heading":"Your image","image_1_text":"Tell your story","image_1_link":"","image_2_heading":"Your image","image_2_text":"Tell your story","image_2_link":""}},"f7edd08f-3567-409b-b440-c501ca3054b1":{"type":"mega_menu","settings":{"menu_item":"Dakgoten","image_1_heading":"Your image","image_1_text":"Tell your story","image_1_link":"","image_2_heading":"Your image","image_2_text":"Tell your story","image_2_link":""}},"16f77b4d-425e-4891-8f4a-d76d3b38fa91":{"type":"mega_menu","settings":{"menu_item":"Toebehoren","image_1_heading":"Your image","image_1_text":"Tell your story","image_1_link":"","image_2_heading":"Your image","image_2_text":"Tell your story","image_2_link":""}},"9a031b2a-b7d0-4ed0-91d2-5dca5164e586":{"type":"mega_menu","settings":{"menu_item":"Klantenservice","image_1_heading":"Your image","image_1_text":"Tell your story","image_1_link":"","image_2_heading":"Your image","image_2_text":"Tell your story","image_2_link":""}}},"block_order":["29b9fc1d-de35-47ee-b688-d2cda492c748","5985facb-138e-41de-ba40-da4dad6c0cc0","f7edd08f-3567-409b-b440-c501ca3054b1","16f77b4d-425e-4891-8f4a-d76d3b38fa91","9a031b2a-b7d0-4ed0-91d2-5dca5164e586"],"settings":{"enable_sticky_header":true,"logo_max_width":150,"mobile_logo_max_width":110,"show_locale_selector":false,"show_country_selector":true,"navigation_menu":"","navigation_mobile_menu":"","desktop_navigation_layout":"inline","desktop_navigation_open_trigger":"hover","show_navigation_social_media":true,"navigation_phone_number":"Bel ons 085-0600649","navigation_email":"info@rooftopshop.nl","show_condensed_search":true,"show_search_filter":false,"search_menu":"","show_search_menu_title":true}}},"order":["announcement-bar","header"]}