{"sections":{"15217f01-c1d2-43f2-abeb-8ea2297677c0":{"type":"slideshow","blocks":{"template--19138348319062__15217f01-c1d2-43f2-abeb-8ea2297677c0-image-2":{"type":"image","settings":{"image":"shopify:\/\/shop_images\/Lijm-set-compleet_2160_x_720_px.png","show_overlay":true,"overlay_opacity":91,"text_color":"#ffffff","title":"Verdwaald op het Dak: 404 Fout","content":"Sorry, deze pagina is net zo elastisch als ons EPDM materiaal en lijkt even weg te stuiteren. Keer terug naar de homepage om verder te gaan met jouw ontdekkingstocht in de wereld van EPDM!","content_position":"middle_center","button_background":"#ffffff","button_text_color":"#000000","button_text":"Button","link":""}}},"block_order":["template--19138348319062__15217f01-c1d2-43f2-abeb-8ea2297677c0-image-2"],"settings":{"edge_to_edge":false,"section_size":"preserve_ratio","carousel_effect":"slide","autoplay":true,"cycle_speed":5}},"main":{"type":"main-404","settings":{}},"7d908655-f073-462a-bdf4-7fc7f85cc855":{"type":"collection-list","blocks":{"template--19138348319062__7d908655-f073-462a-bdf4-7fc7f85cc855-1688969018de84e8cb-0":{"type":"collection","settings":{"collection":"dakranden","image":"shopify:\/\/shop_images\/Ontwerp_zonder_titel_80.png","link":""}},"template--19138348319062__7d908655-f073-462a-bdf4-7fc7f85cc855-1688969018de84e8cb-1":{"type":"collection","settings":{"collection":"epdm","image":"shopify:\/\/shop_images\/12_49incl_btwperM2_500x-transformed.png","link":""}},"template--19138348319062__7d908655-f073-462a-bdf4-7fc7f85cc855-1688969018de84e8cb-2":{"type":"collection","settings":{"collection":"isolatie","image":"shopify:\/\/shop_images\/Ontwerp_zonder_titel__79_-removebg-preview.png","link":""}},"template--19138348319062__7d908655-f073-462a-bdf4-7fc7f85cc855-1688969018de84e8cb-3":{"type":"collection","settings":{"collection":"gereedschap","image":"shopify:\/\/shop_images\/Spuitpistool-drukvat-transformed.png","link":""}},"template--19138348319062__7d908655-f073-462a-bdf4-7fc7f85cc855-1688969018de84e8cb-4":{"type":"collection","settings":{"collection":"epdm-dakdoorvoer","image":"shopify:\/\/shop_images\/epdm-onderuitloop-75mm-wit_1_500x-transformed.png","link":""}},"template--19138348319062__7d908655-f073-462a-bdf4-7fc7f85cc855-1688969018de84e8cb-5":{"type":"collection","settings":{"collection":"epdm-hoekstuk","image":"shopify:\/\/shop_images\/Flashingtape_hoekstuk-removebg-preview.png","link":""}}},"block_order":["template--19138348319062__7d908655-f073-462a-bdf4-7fc7f85cc855-1688969018de84e8cb-0","template--19138348319062__7d908655-f073-462a-bdf4-7fc7f85cc855-1688969018de84e8cb-1","template--19138348319062__7d908655-f073-462a-bdf4-7fc7f85cc855-1688969018de84e8cb-2","template--19138348319062__7d908655-f073-462a-bdf4-7fc7f85cc855-1688969018de84e8cb-3","template--19138348319062__7d908655-f073-462a-bdf4-7fc7f85cc855-1688969018de84e8cb-4","template--19138348319062__7d908655-f073-462a-bdf4-7fc7f85cc855-1688969018de84e8cb-5"],"settings":{"title":"","link_title":"","link":"shopify:\/\/collections","round_images":true,"show_collection_title":true}},"ccaa7221-b306-48b7-88e9-d41c2c4ac492":{"type":"blog-posts","settings":{"blog":"handleidingen","blog_posts_count":3,"title":"Nieuws & Tips","link_title":"Bekijk alle blogs","show_category":true,"show_author":true,"show_date":true,"show_excerpt":false,"stack_mobile":false}}},"order":["15217f01-c1d2-43f2-abeb-8ea2297677c0","main","7d908655-f073-462a-bdf4-7fc7f85cc855","ccaa7221-b306-48b7-88e9-d41c2c4ac492"]}