{"sections":{"main":{"type":"main-blog","blocks":{"newsletter":{"type":"newsletter","settings":{"title":"Meld je aan","content":"<p>Meld je aan voor onze nieuwsbrief en blijf op de hoogte van de nieuwste tips & kortingen.<\/p>","subtext":"","background":"#000000","text":"#ffffff"}},"social-media":{"type":"social_media","settings":{"title":"Volg ons op sociale media","show_rss":true}},"2ef3f971-9773-47e0-afee-0a16daa4d4dc":{"type":"featured_posts","settings":{"title":"","show_ranking":false,"show_category":false,"show_date":false,"article_1":"nieuws\/pri-isolatie-op-epdm-dak","article_2":"handleidingen\/montagehandleiding-epdm","article_3":"nieuws\/epdm-vs-pvc-welke-is-de-beste-keuze-voor-je-dak","article_4":"","article_5":""}},"5b7d9892-b863-4553-bc98-5f9bbbfc5b42":{"type":"links","settings":{"menu":"hulp-nodig"}}},"block_order":["newsletter","social-media","2ef3f971-9773-47e0-afee-0a16daa4d4dc","5b7d9892-b863-4553-bc98-5f9bbbfc5b42"],"settings":{"articles_per_page":12,"highlight_first_article":false,"show_tags":true,"show_category":true,"show_author":false,"show_date":true,"show_excerpt":false}}},"order":["main"]}