{"sections":{"main":{"type":"main-cart","settings":{"enable_order_notes":true,"show_payment_icons":true,"gift_wrap_product":"","gift_wrap_text":"Do you want a gift wrap?","gift_wrap_button":"Add a gift wrap","show_shipping_estimator":false,"shipping_estimator_default_country":"Nederland","trust_heading":"","upsell_heading":"Maak je bestelling compleet","upsell_collection":"montage-materiaal","upsell_products_count":4}},"recently-viewed-products":{"type":"recently-viewed-products","settings":{"title":"Recent bekeken","show_quick_buy":false}}},"order":["main","recently-viewed-products"]}