{"sections":{"main":{"type":"main-collection","settings":{"show_collection_image":true,"collapse_collection_description":false,"collection_image_size":"small","products_per_row":"4","default_products_per_page":24,"default_view_layout":"grid","show_quick_buy":"list_grid","show_quick_view":"list","quick_links":"hulp-nodig","quick_links_show_products_count":true,"show_filters":true,"show_filter_color_swatch":true,"open_group_filters_mode":"all_open"}},"recently-viewed-products":{"type":"recently-viewed-products","settings":{"title":"Recent bekeken","show_quick_buy":false}},"57ad8dbf-3709-4705-b6f5-de7accd79a20":{"type":"collection-list","blocks":{"template--19138348679510__57ad8dbf-3709-4705-b6f5-de7accd79a20-1688969018de84e8cb-0":{"type":"collection","settings":{"collection":"epdm-lijm-kit","image":"shopify:\/\/shop_images\/Zonder_titel_500_x_800_px_1080_x_1280_px_1.png","link":""}},"template--19138348679510__57ad8dbf-3709-4705-b6f5-de7accd79a20-1688969018de84e8cb-1":{"type":"collection","settings":{"collection":"epdm-pakketten","image":"shopify:\/\/shop_images\/Ontwerp_zonder_titel_45.png","link":""}},"template--19138348679510__57ad8dbf-3709-4705-b6f5-de7accd79a20-1688969018de84e8cb-2":{"type":"collection","settings":{"collection":"montage-materiaal","image":"shopify:\/\/shop_images\/Ontwerp_zonder_titel_38.png","link":""}},"template--19138348679510__57ad8dbf-3709-4705-b6f5-de7accd79a20-1688969018de84e8cb-3":{"type":"collection","settings":{"collection":"dakgoten","image":"shopify:\/\/shop_images\/Ontwerp_zonder_titel_46.png","link":""}},"template--19138348679510__57ad8dbf-3709-4705-b6f5-de7accd79a20-1688969018de84e8cb-4":{"type":"collection","settings":{"collection":"epdm-dakbedekking","image":"shopify:\/\/shop_images\/Ontwerp_zonder_titel_43.png","link":""}},"template--19138348679510__57ad8dbf-3709-4705-b6f5-de7accd79a20-1688969018de84e8cb-5":{"type":"collection","settings":{"collection":"epdm-dakdoorvoer","image":"shopify:\/\/shop_images\/Ontwerp_zonder_titel_41.png","link":""}}},"block_order":["template--19138348679510__57ad8dbf-3709-4705-b6f5-de7accd79a20-1688969018de84e8cb-0","template--19138348679510__57ad8dbf-3709-4705-b6f5-de7accd79a20-1688969018de84e8cb-1","template--19138348679510__57ad8dbf-3709-4705-b6f5-de7accd79a20-1688969018de84e8cb-2","template--19138348679510__57ad8dbf-3709-4705-b6f5-de7accd79a20-1688969018de84e8cb-3","template--19138348679510__57ad8dbf-3709-4705-b6f5-de7accd79a20-1688969018de84e8cb-4","template--19138348679510__57ad8dbf-3709-4705-b6f5-de7accd79a20-1688969018de84e8cb-5"],"settings":{"title":"","link_title":"View all","link":"","round_images":true,"show_collection_title":true}},"77399238-6544-43df-aa78-638daee58642":{"type":"custom-html","settings":{"title":"","html":"<h2>Waarom Kiezen voor EPDM Kraaltrim?<\/h2>\n        <p>EPDM kraaltrim is de ideale keuze voor afdichting in verschillende projecten. Of je nu een professionele aannemer bent of een doe-het-zelver, onze hoogwaardige kraaltrim biedt de perfecte oplossing. Het materiaal is duurzaam, flexibel en bestand tegen de zwaarste weersomstandigheden.<\/p>\n\n        <h2>Voordelen van Onze EPDM Kraaltrim<\/h2>\n        <ul>\n            <li>\n<strong>Duurzaamheid:<\/strong> Onze kraaltrim is vervaardigd uit hoogwaardig EPDM-materiaal, wat betekent dat het bestand is tegen UV-straling, ozon en extreme temperaturen. Dit garandeert een langdurige afdichting zonder degradatie.<\/li>\n            <li>\n<strong>Eenvoudige Installatie:<\/strong> Of je nu een ervaren professional bent of nieuw bent in het vak, de installatie van onze EPDM kraaltrim is eenvoudig en probleemloos. Bespaar tijd en moeite bij het plaatsen.<\/li>\n            <li>\n<strong>Optimale Afdichting:<\/strong> Lekkages kunnen aanzienlijke schade veroorzaken aan gebouwen. Onze kraaltrim zorgt voor een waterdichte afdichting rond dakranden, ramen en deuren, waardoor je project beschermd blijft.<\/li>\n        <\/ul>\n\n        <h2>Bestel Nu voor Duurzame Oplossingen<\/h2>\n        <p>Investeer in de duurzaamheid van je project met onze EPDM kraaltrim. Plaats vandaag nog je bestelling en profiteer van hoogwaardige afdichting die jarenlang meegaat. Heb je vragen of wil je meer informatie? Neem gerust contact met ons op. Ons deskundige team staat klaar om je te helpen.<\/p>"}}},"order":["main","recently-viewed-products","57ad8dbf-3709-4705-b6f5-de7accd79a20","77399238-6544-43df-aa78-638daee58642"]}