{"sections":{"main":{"type":"main-collection","settings":{"show_collection_image":true,"collapse_collection_description":false,"collection_image_size":"small","products_per_row":"4","default_products_per_page":24,"default_view_layout":"grid","show_quick_buy":"list_grid","show_quick_view":"list","quick_links":"hulp-nodig","quick_links_show_products_count":true,"show_filters":true,"show_filter_color_swatch":true,"open_group_filters_mode":"all_open"}},"c4a8bfb9-73f5-4e0c-b36d-7c6df91d1313":{"type":"custom-html","settings":{"title":"","html":"<h2>Waar is een kraaltrim voor bedoeld?<\/h2>\nDe <strong>kraaltrim<\/strong> van Rooftopshop heeft op het verticale zichtvlak een ronde afloop, dit zorgt ervoor dat je je dakrand op een sierlijke manier kan afwerken. Daarom zien we vaak dat dit wordt gebruikt voor veranda's, overkappingen en tuinhuisjes. Bovendien beschermt het tegen de wind, regen, zon en andere weersomstandigheden. Dit zorgt ervoor dat de levensduur van het dak verlengt wordt en dus langer meegaat. Heb je meer informatie of uitleg nodig over het plaatsen van een daktrim met kraal? Onze enthousiaste medewerkers staan voor je klaar!\n<h2>Kraaltrim van Rooftopshop<\/h2>\nKoop nu je kraaltrim bij Rooftopshop. Op onze webshop vind je een grote collectie daktrimmen. In dit aanbod vind je niet alleen jouw ideale daktrim met kraal, maar ook diverse producten om je aluminium dakrandprofiel te bevestigen. Bekijk hier onze categorieën:\n<ul>\n\t<li><a href=\"\/collections\/daktrim-epdm\" target=\"_blank\" rel=\"noopener\" title=\"Daktrim EPDM\">Daktrim EPDM<\/a><\/li>\n\t<li><a href=\"\/collections\/daktrim-universeel\" target=\"_blank\" rel=\"noopener\" title=\"Daktrim Universeel\">Daktrim Universeel<\/a><\/li>\n\t<li><a href=\"\/products\/doe-het-zelf-daktrim-55x64\" target=\"_blank\" rel=\"noopener\" title=\"Doe-het-zelf Daktrim\">Doe-het-zelf Daktrim<\/a><\/li>\n\t<li><a href=\"\/collections\/kraaltrim-epdm\" target=\"_blank\" rel=\"noopener\" title=\"Kraaltrim EPDM\">Kraaltrim EPDM<\/a><\/li>\n\t<li><a href=\"\/collections\/kraaltrim-universeel\" target=\"_blank\" rel=\"noopener\" title=\"Kraaltrim Universeel\">Kraaltrim Universeel<\/a><\/li>\n<\/ul>\nKortom, bij ons vind je alles wat je maar nodig hebt om je dak netjes af te kunnen werken. Ook voor de ingewikkelde klussen heeft Rooftopshop de perfecte producten in huis. Bekijk snel ons assortiment om de ideale daktrim met kraal voor je klus te vinden.\n<h2>Kraaltrim binnenhoeken en buitenhoeken<\/h2>\nVoor alle dakrandprofielen die Rooftopshop in haar assortiment heeft, zijn er zowel bijbehorende binnenhoeken als buitenhoeken verkrijgbaar. In ons aanbod vind je kraaltrim hoeken onder een hoek van 90 graden met een afmeting van 40 bij 40 centimeter. De kraaltrim binnenhoeken en buitenhoeken zijn er om de hoeken van je dak op een sierlijke manier te kunnen afwerken.\n<h2>Rooftopshop Service<\/h2>\nOp de webshop van Rooftopshop vind je alle producten die je nodig hebt om je dak af te werken met EPDM. Wij helpen je graag persoonlijk en zorgen dat je altijd een duidelijk antwoord krijgt wanneer je vragen hebt over <strong>kraaltrimmen<\/strong>. Onze klantenservice zal ervoor zorgen dat je binnen 24 uur een antwoord krijgt. Wil je contact opnemen met Rooftopshop? Wij zijn op werkdagen bereikbaar tussen 09:00 en 17:00. Wij zijn telefonisch te benaderen op het telefoonnummer 085 – 060 6 49. Bovendien zijn we per e-mail te bereiken via info@rooftopshop.nl. Zodra je daktrim met kraal bij ons besteld, mag je uitgaan van de volgende voordelen:\n<ul>\n\t<li>De Prijzen zijn inclusief BTW<\/li>\n\t<li>Producten van A-kwaliteit<\/li>\n\t<li>Goede prijs-kwaliteitverhouding<\/li>\n\t<li>Topservice<\/li>\n<\/ul>"}},"recently-viewed-products":{"type":"recently-viewed-products","settings":{"title":"Recent bekeken","show_quick_buy":false}},"57ad8dbf-3709-4705-b6f5-de7accd79a20":{"type":"collection-list","blocks":{"template--19138348679510__57ad8dbf-3709-4705-b6f5-de7accd79a20-1688969018de84e8cb-0":{"type":"collection","settings":{"collection":"epdm-lijm-kit","image":"shopify:\/\/shop_images\/Zonder_titel_500_x_800_px_1080_x_1280_px_1.png","link":""}},"template--19138348679510__57ad8dbf-3709-4705-b6f5-de7accd79a20-1688969018de84e8cb-1":{"type":"collection","settings":{"collection":"epdm-pakketten","image":"shopify:\/\/shop_images\/Ontwerp_zonder_titel_45.png","link":""}},"template--19138348679510__57ad8dbf-3709-4705-b6f5-de7accd79a20-1688969018de84e8cb-2":{"type":"collection","settings":{"collection":"montage-materiaal","image":"shopify:\/\/shop_images\/Ontwerp_zonder_titel_38.png","link":""}},"template--19138348679510__57ad8dbf-3709-4705-b6f5-de7accd79a20-1688969018de84e8cb-3":{"type":"collection","settings":{"collection":"dakgoten","image":"shopify:\/\/shop_images\/Ontwerp_zonder_titel_46.png","link":""}},"template--19138348679510__57ad8dbf-3709-4705-b6f5-de7accd79a20-1688969018de84e8cb-4":{"type":"collection","settings":{"collection":"epdm-dakbedekking","image":"shopify:\/\/shop_images\/Ontwerp_zonder_titel_43.png","link":""}},"template--19138348679510__57ad8dbf-3709-4705-b6f5-de7accd79a20-1688969018de84e8cb-5":{"type":"collection","settings":{"collection":"epdm-dakdoorvoer","image":"shopify:\/\/shop_images\/Ontwerp_zonder_titel_41.png","link":""}}},"block_order":["template--19138348679510__57ad8dbf-3709-4705-b6f5-de7accd79a20-1688969018de84e8cb-0","template--19138348679510__57ad8dbf-3709-4705-b6f5-de7accd79a20-1688969018de84e8cb-1","template--19138348679510__57ad8dbf-3709-4705-b6f5-de7accd79a20-1688969018de84e8cb-2","template--19138348679510__57ad8dbf-3709-4705-b6f5-de7accd79a20-1688969018de84e8cb-3","template--19138348679510__57ad8dbf-3709-4705-b6f5-de7accd79a20-1688969018de84e8cb-4","template--19138348679510__57ad8dbf-3709-4705-b6f5-de7accd79a20-1688969018de84e8cb-5"],"settings":{"title":"","link_title":"View all","link":"","round_images":true,"show_collection_title":true}}},"order":["main","c4a8bfb9-73f5-4e0c-b36d-7c6df91d1313","recently-viewed-products","57ad8dbf-3709-4705-b6f5-de7accd79a20"]}