{"sections":{"main":{"type":"main-collection","settings":{"show_collection_image":true,"collapse_collection_description":false,"collection_image_size":"small","products_per_row":"4","default_products_per_page":24,"default_view_layout":"grid","show_quick_buy":"list_grid","show_quick_view":"list","quick_links":"hulp-nodig","quick_links_show_products_count":true,"show_filters":true,"show_filter_color_swatch":true,"open_group_filters_mode":"all_open"}},"f418b0fa-77f8-45f6-90b9-ce6ce747125a":{"type":"custom-html","settings":{"title":"","html":"<h2>EPDM dakdoorvoer kopen bij Rooftopshop<\/h2>\nEen EPDM dakdoorvoer is vaak noodzakelijk wanneer je je hemelwater wil afvoeren bij een plat dak of een dak met een lichte helling. Een EPDM dakdoorvoer is bedoeld om alle regen, hagel en sneeuw af te voeren om zo toekomstige lekkages en andere problemen te voorkomen. Binnen het uitgebreid assortiment van Rooftopshop beschikken wij ook over een ruim aanbod aan EPDM dakdoorvoer inclusief de benodigde toebehoren. We lichten je graag toe welke doorvoeren voor jouw situatie het meest geschikt zijn.\n<h2>Stadsuitloop<\/h2>\nDe EPDM stadsuitloop is het verbindingsstuk tussen het dak en de regenpijp. Bij de stadsuitloop komt de doorvoer horizontaal aan de zijkant van het dak te zitten. Aan je EPDM dakdoorvoer monteer je vervolgens weer een ander type stadsuitloop welke de hoek naar beneden vormt. De aluminium stadsuitloop heeft een opening aan de bovenkant voor makkelijk onderhoud.\n\n<p style=\"text-align:center;\"><img src=\"https:\/\/cdn.shopify.com\/s\/files\/1\/0377\/9126\/8909\/files\/EPDM-stadsuitlopen.png?v=1665656480alt=\" epdm=\"\" stadsuitloop=\"\"><\/p>\n\n<h2>Onderuitloop<\/h2>\nBij een onderuitloop komt de doorvoer aan de onderkant van het dak te zitten. Deze komt dus in tegenstelling tot de EPDM stadsuitloop niet aan de zijkant van je dakconstructie maar loopt eronder uit. Dit kan bijvoorbeeld bij een overkapping of veranda. Je kan deze type uitloop ook gebruiken wanneer je dak een stuk doorloopt ten opzichten van je muur.\n\n<p style=\"text-align:center;\"><img src=\"https:\/\/cdn.shopify.com\/s\/files\/1\/0377\/9126\/8909\/files\/EPDM-onderuitlopen.png?v=1665656480alt=\" epdm=\"\" onderuitloop=\"\"><\/p>\n\n<h2>Onderuitloop of stadsuitloop?<\/h2>\nWelke type EPDM dakafvoer je nodig hebt is afhankelijk van het desbetreffende dak. Rooftopshop bied twee soorten EPDM dakdoorvoer:\n<ul>\n\t<li>Stadsuitloop<\/li>\n\t<li>Onderuitloop<\/li>\n<\/ul>\nIn het dakvlak of de dakopstand wordt de EPDM hemelwaterafvoer verwerkt om zo de afvoer van water plaats te laten vinden. Welke dakdoorvoer je nodig hebt is afhankelijk van je constructie. Wil je het hemelwater onderlangs afvoeren kies je voor de onderuitloop, moet de afwatering zijwaarts plaatsvinden is de EPDM stadsuitloop het meest geschikt.\n<h2>Hoe monteer ik een EPDM dakdoorvoer?<\/h2>\nBij het monteren van een dakdoorvoer is het belangrijk dat eerst het hele dak is voorzien van EPDM dakbedekking. Beide soorten EPDM dakdoorvoer kunnen op dezelfde manier worden gemonteerd op je dak. Dit doe je met behulp van <a href=\"\/products\/epdm-ms-polymeer-kit-290ml\" target=\"_blank\" rel=\"noopener\" title=\"MS Polymeer Kit\">MS Polymeer Kit<\/a>. Hiermee kit je de uitloop vast aan de dakbedekking. Dit zorgt ervoor dat er een goede verbinding is tussen de lagen EPDM dakbedekking. Het is verstandig om een klein beetje kit onder de flap uit te laten komen. Dit zorgt voor zekerheid, zodat er geen water of vuil tussen kan komen.\n<h2>Rooftopshop service voor EPDM dakdoorvoer<\/h2>\nMocht je vragen of hulp nodig hebben over een EPDM dakdoorvoer van Rooftopshop dan helpen wij je graag persoonlijk en zorgen we ervoor dat je altijd antwoordt krijgt wanneer je vragen hebt over een dakdoorvoer. Wij proberen je altijd zo snel mogelijk te helpen. Wil je ons direct bereiken? Neem dan op werkdagen tussen 09:00 en 17:00 contact op met onze klantenservice via het telefoonnummer 085 – 060 6 49. Bovendien zijn wij ook te benaderen op e-mail adres info@rooftopshop.nl.\n<p><iframe src=\"\/\/www.youtube.com\/embed\/seZ7IuvdrJ0\" width=\"560\" height=\"314\" allowfullscreen=\"allowfullscreen\"><\/iframe><\/p>"}},"recently-viewed-products":{"type":"recently-viewed-products","settings":{"title":"Recent bekeken","show_quick_buy":false}},"57ad8dbf-3709-4705-b6f5-de7accd79a20":{"type":"collection-list","blocks":{"template--19138348679510__57ad8dbf-3709-4705-b6f5-de7accd79a20-1688969018de84e8cb-0":{"type":"collection","settings":{"collection":"epdm-lijm-kit","image":"shopify:\/\/shop_images\/Zonder_titel_500_x_800_px_1080_x_1280_px_1.png","link":""}},"template--19138348679510__57ad8dbf-3709-4705-b6f5-de7accd79a20-1688969018de84e8cb-1":{"type":"collection","settings":{"collection":"epdm-pakketten","image":"shopify:\/\/shop_images\/Ontwerp_zonder_titel_45.png","link":""}},"template--19138348679510__57ad8dbf-3709-4705-b6f5-de7accd79a20-1688969018de84e8cb-2":{"type":"collection","settings":{"collection":"montage-materiaal","image":"shopify:\/\/shop_images\/Ontwerp_zonder_titel_38.png","link":""}},"template--19138348679510__57ad8dbf-3709-4705-b6f5-de7accd79a20-1688969018de84e8cb-3":{"type":"collection","settings":{"collection":"dakgoten","image":"shopify:\/\/shop_images\/Ontwerp_zonder_titel_46.png","link":""}},"template--19138348679510__57ad8dbf-3709-4705-b6f5-de7accd79a20-1688969018de84e8cb-4":{"type":"collection","settings":{"collection":"epdm-dakbedekking","image":"shopify:\/\/shop_images\/Ontwerp_zonder_titel_43.png","link":""}},"template--19138348679510__57ad8dbf-3709-4705-b6f5-de7accd79a20-1688969018de84e8cb-5":{"type":"collection","settings":{"collection":"epdm-dakdoorvoer","image":"shopify:\/\/shop_images\/Ontwerp_zonder_titel_41.png","link":""}}},"block_order":["template--19138348679510__57ad8dbf-3709-4705-b6f5-de7accd79a20-1688969018de84e8cb-0","template--19138348679510__57ad8dbf-3709-4705-b6f5-de7accd79a20-1688969018de84e8cb-1","template--19138348679510__57ad8dbf-3709-4705-b6f5-de7accd79a20-1688969018de84e8cb-2","template--19138348679510__57ad8dbf-3709-4705-b6f5-de7accd79a20-1688969018de84e8cb-3","template--19138348679510__57ad8dbf-3709-4705-b6f5-de7accd79a20-1688969018de84e8cb-4","template--19138348679510__57ad8dbf-3709-4705-b6f5-de7accd79a20-1688969018de84e8cb-5"],"settings":{"title":"","link_title":"View all","link":"","round_images":true,"show_collection_title":true}}},"order":["main","f418b0fa-77f8-45f6-90b9-ce6ce747125a","recently-viewed-products","57ad8dbf-3709-4705-b6f5-de7accd79a20"]}