{"sections":{"df606ff0-8f57-4028-a563-03699c207ded":{"type":"collection-list","blocks":{"template--19242445111638__df606ff0-8f57-4028-a563-03699c207ded-16889738609a4f8f11-1":{"type":"collection","settings":{"collection":"epdm-dakbedekking","image":"shopify:\/\/shop_images\/12_49incl_btwperM2_500x-transformed.png","link":""}},"template--19242445111638__df606ff0-8f57-4028-a563-03699c207ded-16889738609a4f8f11-0":{"type":"collection","settings":{"collection":"kraaltrim-epdm","image":"shopify:\/\/shop_images\/Ontwerp_zonder_titel_58.png","link":""}},"template--19242445111638__df606ff0-8f57-4028-a563-03699c207ded-16889738609a4f8f11-2":{"type":"collection","settings":{"collection":"epdm-pakketten","image":"shopify:\/\/shop_images\/pakket_936d9aa4-9f63-46de-b394-56f3cc3d6e65.png","link":""}},"template--19242445111638__df606ff0-8f57-4028-a563-03699c207ded-16889738609a4f8f11-3":{"type":"collection","settings":{"collection":"daktrim-epdm","image":"shopify:\/\/shop_images\/Ontwerp_zonder_titel_59_62f383be-1849-4446-9702-9ac4bcd4a350.png","link":""}},"template--19242445111638__df606ff0-8f57-4028-a563-03699c207ded-16889738609a4f8f11-5":{"type":"collection","settings":{"collection":"epdm-lijm-kit","image":"shopify:\/\/shop_images\/Ontwerp_zonder_titel_53.png","link":""}}},"block_order":["template--19242445111638__df606ff0-8f57-4028-a563-03699c207ded-16889738609a4f8f11-1","template--19242445111638__df606ff0-8f57-4028-a563-03699c207ded-16889738609a4f8f11-0","template--19242445111638__df606ff0-8f57-4028-a563-03699c207ded-16889738609a4f8f11-2","template--19242445111638__df606ff0-8f57-4028-a563-03699c207ded-16889738609a4f8f11-3","template--19242445111638__df606ff0-8f57-4028-a563-03699c207ded-16889738609a4f8f11-5"],"settings":{"title":"EPDM","link_title":"Bekijk al ons EPDM","link":"shopify:\/\/collections\/epdm","round_images":true,"show_collection_title":true}},"58830c6d-6cc4-4a3e-83bb-1b009c621411":{"type":"image-with-text","settings":{"image":"shopify:\/\/shop_images\/pakket.png","image_position":"left","image_width":30,"title":"Alles-in-één pakket EPDM","content":"<p>Met het EPDM Alles-in-één pakket heb je alles wat je nodig hebt om je dak te voorzien van EPDM.<\/p>","button_text":"Je eigen pakket samenstellen","button_link":"shopify:\/\/products\/epdm-compleet-pakket"}},"b99e7670-ca29-4453-ac3f-bc523917553e":{"type":"featured-collection","settings":{"collection":"epdm-dakbedekking","title":"EPDM Dakbedekking","products_count":12,"layout":"vertical","stack_products":false,"show_quick_buy":false,"link_title":"","link_url":""}},"main":{"type":"main-collection","settings":{"show_collection_image":true,"collapse_collection_description":false,"collection_image_size":"small","products_per_row":"4","default_products_per_page":24,"default_view_layout":"grid","show_quick_buy":"list_grid","show_quick_view":"list","quick_links":"hulp-nodig","quick_links_show_products_count":true,"show_filters":true,"show_filter_color_swatch":true,"open_group_filters_mode":"all_open"}},"recently-viewed-products":{"type":"recently-viewed-products","settings":{"title":"Recent bekeken","show_quick_buy":false}},"57ad8dbf-3709-4705-b6f5-de7accd79a20":{"type":"collection-list","blocks":{"template--19138348679510__57ad8dbf-3709-4705-b6f5-de7accd79a20-1688969018de84e8cb-0":{"type":"collection","settings":{"collection":"epdm-lijm-kit","image":"shopify:\/\/shop_images\/Zonder_titel_500_x_800_px_1080_x_1280_px_1.png","link":""}},"template--19138348679510__57ad8dbf-3709-4705-b6f5-de7accd79a20-1688969018de84e8cb-1":{"type":"collection","settings":{"collection":"epdm-pakketten","image":"shopify:\/\/shop_images\/Ontwerp_zonder_titel_45.png","link":""}},"template--19138348679510__57ad8dbf-3709-4705-b6f5-de7accd79a20-1688969018de84e8cb-2":{"type":"collection","settings":{"collection":"montage-materiaal","image":"shopify:\/\/shop_images\/Ontwerp_zonder_titel_38.png","link":""}},"template--19138348679510__57ad8dbf-3709-4705-b6f5-de7accd79a20-1688969018de84e8cb-3":{"type":"collection","settings":{"collection":"dakgoten","image":"shopify:\/\/shop_images\/Ontwerp_zonder_titel_46.png","link":""}},"template--19138348679510__57ad8dbf-3709-4705-b6f5-de7accd79a20-1688969018de84e8cb-4":{"type":"collection","settings":{"collection":"epdm-dakbedekking","image":"shopify:\/\/shop_images\/Ontwerp_zonder_titel_43.png","link":""}},"template--19138348679510__57ad8dbf-3709-4705-b6f5-de7accd79a20-1688969018de84e8cb-5":{"type":"collection","settings":{"collection":"epdm-dakdoorvoer","image":"shopify:\/\/shop_images\/Ontwerp_zonder_titel_41.png","link":""}}},"block_order":["template--19138348679510__57ad8dbf-3709-4705-b6f5-de7accd79a20-1688969018de84e8cb-0","template--19138348679510__57ad8dbf-3709-4705-b6f5-de7accd79a20-1688969018de84e8cb-1","template--19138348679510__57ad8dbf-3709-4705-b6f5-de7accd79a20-1688969018de84e8cb-2","template--19138348679510__57ad8dbf-3709-4705-b6f5-de7accd79a20-1688969018de84e8cb-3","template--19138348679510__57ad8dbf-3709-4705-b6f5-de7accd79a20-1688969018de84e8cb-4","template--19138348679510__57ad8dbf-3709-4705-b6f5-de7accd79a20-1688969018de84e8cb-5"],"settings":{"title":"","link_title":"View all","link":"","round_images":true,"show_collection_title":true}}},"order":["df606ff0-8f57-4028-a563-03699c207ded","58830c6d-6cc4-4a3e-83bb-1b009c621411","b99e7670-ca29-4453-ac3f-bc523917553e","main","recently-viewed-products","57ad8dbf-3709-4705-b6f5-de7accd79a20"]}