{"sections":{"main":{"type":"main-collection","settings":{"show_collection_image":true,"collapse_collection_description":false,"collection_image_size":"small","products_per_row":"4","default_products_per_page":24,"default_view_layout":"grid","show_quick_buy":"list_grid","show_quick_view":"list","quick_links":"hulp-nodig","quick_links_show_products_count":true,"show_filters":true,"show_filter_color_swatch":true,"open_group_filters_mode":"all_open"}},"bc0d6f3d-fd94-49a7-97ef-a8a3861c13ee":{"type":"custom-html","settings":{"title":"","html":"<h2>EPDM dakbedekking kopen bij Rooftopshop<\/h2>\n<p><strong>EPDM dakbedekking<\/strong> is de meest duurzame vorm van dakdekken van het moment. Ons EPDM is namelijk zo goed als onderhoudsvrij en is goed bestand tegen zware weersomstandigheden. Dit bevordert vervolgens de levensduur van de aangelegde dakbedekking. Onze EPDM dakbedekking is van Amerikaanse kwaliteit en zwart van kleur. Omdat de <a href=\"\/products\/epdm-dakbedekking\">EPDM folie<\/a> gelijmd dient te worden met EPDM lijm op de ondergrond, hoef je geen professionele dakdekker te zijn. Om je een handje op weg te helpen hebben we hiervoor een <a href=\"\/blogs\/handleidingen\/montagehandleiding-epdm\">montagehandleiding EPDM leggen<\/a> gemaakt om zelf aan de slag te gaan. <\/p>\n<h2>Waar wordt EPDM dakbedekking voor gebruikt?<\/h2>\n<p>EPDM dakbedekking gebruik je bij de bouw of verbouw van een huis, schuur of tuinhuis. EPDM is voor diverse klussen toepasbaar. Ons EPDM is een synthetische rubber wat meer dan 50 jaar mee gaat, mits het op de juiste manier is aangebracht. Daarnaast voorkomt de combinatie van EPDM folie, <a href=\"\/collections\/epdm-lijm-kit\">EPDM lijm en kit<\/a> de lekkage en zorgt voor een juiste afsluiting. Voor iedere klus hebben we passende dakafvoeren. <\/p>\n<h2>Dak renoveren?<\/h2>\n<p>Voor zowel het aanbrengen van een nieuw dak, als het renoveren van een bestaand dak is EPDM dakbedekking een slimme keuze. EPDM is namelijk een kwalitatief goed eenlaags synthetisch rubber wat je op een plat of licht hellend dak kan aanbrengen. Ook is EPDM extreem goed bestand tegen regen, zonlicht, ozon en andere weeromstandigheden.<\/p>\n<p style=\"text-align: center;\"><img src=\"https:\/\/cdn.shopify.com\/s\/files\/1\/0377\/9126\/8909\/files\/EPDM-folie.jpg\" alt=\"EPDM folie\" width=\"1024\" height=\"410\"><\/p>\n<h2>De voordelen van EPDM dakbedekking<\/h2>\n<p>Als je EPDM dakbedekking besteld bij <a href=\"https:\/\/www.rooftopshop.nl\/\">Rooftopshop<\/a>, geniet je van vele voordelen. Naast de voordelige prijs en goede kwaliteit, hier nog even alles op een rijtje:<\/p>\n<ul>\n<li>Zo goed als onderhoudsvrij<\/li>\n<li>Levensduur van tientallen jaren<\/li>\n<li>Bestand tegen vliegvuur<\/li>\n<li>Uv-bestendig<\/li>\n<li>Waterdicht<\/li>\n<li>Amerikaanse EPDM-dakbedekking<\/li>\n<\/ul>\n<h2>Voorbereiding EPDM monteren<\/h2>\n<p>Een goede voorbereiding op de montage begint bij het controleren op uitstekende schroeven en splinter. Als dit in orde is kan je beginnen met het aanvegen van het dak. Het EPDM van Rooftopshop wordt opgevouwen bij je afgeleverd. Vouw de dakbedekking uit en zorg dat het EPDM voldoende overlap op de randen heeft. Vervolgens trek je de dakbedekking strak en laat je het <span style=\"text-decoration: underline;\">minimaal een half uur rusten<\/span>.<\/p>\n<h2>EPDM dakbedekking monteren<\/h2>\n<p>Nadat het rubberfolie een half uur heeft gerust, kan je beginnen met het verlijmen. Het is van belang om de lijm op zowel de ondergrond als de EPDM dakbedekking aan te brengen. Hiervoor is <a href=\"\/collections\/contactlijm-overzicht\">contactlijm<\/a> in blik of spuitbus vorm perfect geschikt. Wanneer je gebruik maakt van <a href=\"\/products\/epdm-bodemlijm\">bodemlijm<\/a> volstaat enkelzijdige verlijming. Voor het afwerken van de randen van het dak, kun je een <a href=\"\/collections\/daktrimmen\">daktrim<\/a> monteren. Je kan vervolgens de rubberfolie ongeveer twee centimeter vanaf de randen afsnijden.<\/p>\n<h2>Rooftopshop service voor EPDM dakbedeking<\/h2>\n<p>Voor EPDM dakbedekking heeft Rooftopshop alles wat je nodig hebt. Wil je ons direct bereiken? Neem dan op werkdagen tussen 09:00 en 17:00 uur contact op met onze klantenservice. Onze klantenservice staat met enthousiasme voor u klaar en is te bereiken op 085 - 060 6 49. Bovendien zijn we per e-mail te benaderen via <a href=\"mailto:info@rooftopshop.nl\">info@rooftopshop.nl<\/a>.<\/p>\n<p><iframe title=\"YouTube video player\" src=\"https:\/\/www.youtube.com\/embed\/Wy42DHh47EU\" width=\"50%\" height=\"50%\" frameborder=\"0\" allowfullscreen=\"allowfullscreen\"><\/iframe><\/p>"}},"recently-viewed-products":{"type":"recently-viewed-products","settings":{"title":"Recent bekeken","show_quick_buy":false}},"57ad8dbf-3709-4705-b6f5-de7accd79a20":{"type":"collection-list","blocks":{"template--19138348679510__57ad8dbf-3709-4705-b6f5-de7accd79a20-1688969018de84e8cb-0":{"type":"collection","settings":{"collection":"epdm-lijm-kit","image":"shopify:\/\/shop_images\/Zonder_titel_500_x_800_px_1080_x_1280_px_1.png","link":""}},"template--19138348679510__57ad8dbf-3709-4705-b6f5-de7accd79a20-1688969018de84e8cb-1":{"type":"collection","settings":{"collection":"epdm-pakketten","image":"shopify:\/\/shop_images\/Ontwerp_zonder_titel_45.png","link":""}},"template--19138348679510__57ad8dbf-3709-4705-b6f5-de7accd79a20-1688969018de84e8cb-2":{"type":"collection","settings":{"collection":"montage-materiaal","image":"shopify:\/\/shop_images\/Ontwerp_zonder_titel_38.png","link":""}},"template--19138348679510__57ad8dbf-3709-4705-b6f5-de7accd79a20-1688969018de84e8cb-3":{"type":"collection","settings":{"collection":"dakgoten","image":"shopify:\/\/shop_images\/Ontwerp_zonder_titel_46.png","link":""}},"template--19138348679510__57ad8dbf-3709-4705-b6f5-de7accd79a20-1688969018de84e8cb-4":{"type":"collection","settings":{"collection":"epdm-dakbedekking","image":"shopify:\/\/shop_images\/Ontwerp_zonder_titel_43.png","link":""}},"template--19138348679510__57ad8dbf-3709-4705-b6f5-de7accd79a20-1688969018de84e8cb-5":{"type":"collection","settings":{"collection":"epdm-dakdoorvoer","image":"shopify:\/\/shop_images\/Ontwerp_zonder_titel_41.png","link":""}}},"block_order":["template--19138348679510__57ad8dbf-3709-4705-b6f5-de7accd79a20-1688969018de84e8cb-0","template--19138348679510__57ad8dbf-3709-4705-b6f5-de7accd79a20-1688969018de84e8cb-1","template--19138348679510__57ad8dbf-3709-4705-b6f5-de7accd79a20-1688969018de84e8cb-2","template--19138348679510__57ad8dbf-3709-4705-b6f5-de7accd79a20-1688969018de84e8cb-3","template--19138348679510__57ad8dbf-3709-4705-b6f5-de7accd79a20-1688969018de84e8cb-4","template--19138348679510__57ad8dbf-3709-4705-b6f5-de7accd79a20-1688969018de84e8cb-5"],"settings":{"title":"","link_title":"View all","link":"","round_images":true,"show_collection_title":true}}},"order":["main","bc0d6f3d-fd94-49a7-97ef-a8a3861c13ee","recently-viewed-products","57ad8dbf-3709-4705-b6f5-de7accd79a20"]}