{"sections":{"89ec9c84-259e-4775-84fe-ab78f90c2c7c":{"type":"rich-text","settings":{"text_width":"narrow","title":"Toebehoren","content":"","button_text":"","button_link":"shopify:\/\/collections\/all"}},"76349dfd-9bb0-4880-a39d-77ee4a276f02":{"type":"collection-list","blocks":{"template--19243602903382__76349dfd-9bb0-4880-a39d-77ee4a276f02-16889896168e32a6c1-0":{"type":"collection","settings":{"collection":"montage-materiaal","image":"shopify:\/\/shop_images\/Ontwerp_zonder_titel_54.png","link":""}},"collection_GVLL7V":{"type":"collection","settings":{"collection":"schroeven","image":"shopify:\/\/shop_images\/schroeven.png","link":""}},"collection_PEk4En":{"type":"collection","settings":{"collection":"dak-plaagdier-preventie","image":"shopify:\/\/shop_images\/boldraadrooster_1.png","link":""}},"template--19243602903382__76349dfd-9bb0-4880-a39d-77ee4a276f02-16889896168e32a6c1-1":{"type":"collection","settings":{"collection":"deklijsten","image":"shopify:\/\/shop_images\/Ontwerp_zonder_titel_56.png","link":""}},"template--19243602903382__76349dfd-9bb0-4880-a39d-77ee4a276f02-16889896168e32a6c1-2":{"type":"collection","settings":{"collection":"epdm-lijm-kit","image":"shopify:\/\/shop_images\/Ontwerp_zonder_titel_53.png","link":""}},"template--19243602903382__76349dfd-9bb0-4880-a39d-77ee4a276f02-16889896168e32a6c1-5":{"type":"collection","settings":{"collection":"epdm-dakdoorvoer","image":"shopify:\/\/shop_images\/Ontwerp_zonder_titel_57.png","link":""}}},"block_order":["template--19243602903382__76349dfd-9bb0-4880-a39d-77ee4a276f02-16889896168e32a6c1-0","collection_GVLL7V","collection_PEk4En","template--19243602903382__76349dfd-9bb0-4880-a39d-77ee4a276f02-16889896168e32a6c1-1","template--19243602903382__76349dfd-9bb0-4880-a39d-77ee4a276f02-16889896168e32a6c1-2","template--19243602903382__76349dfd-9bb0-4880-a39d-77ee4a276f02-16889896168e32a6c1-5"],"settings":{"title":"","link_title":"Bekijk alle collecties","link":"shopify:\/\/collections","round_images":true,"show_collection_title":true}},"main":{"type":"main-collection","settings":{"show_collection_image":true,"collapse_collection_description":false,"collection_image_size":"small","products_per_row":"4","default_products_per_page":24,"default_view_layout":"grid","show_quick_buy":"list_grid","show_quick_view":"list","quick_links":"hulp-nodig","quick_links_show_products_count":true,"show_filters":true,"show_filter_color_swatch":true,"open_group_filters_mode":"all_open"}},"recently-viewed-products":{"type":"recently-viewed-products","settings":{"title":"Recent bekeken","show_quick_buy":false}},"57ad8dbf-3709-4705-b6f5-de7accd79a20":{"type":"collection-list","blocks":{"template--19138348679510__57ad8dbf-3709-4705-b6f5-de7accd79a20-1688969018de84e8cb-0":{"type":"collection","settings":{"collection":"epdm-lijm-kit","image":"shopify:\/\/shop_images\/Zonder_titel_500_x_800_px_1080_x_1280_px_1.png","link":""}},"template--19138348679510__57ad8dbf-3709-4705-b6f5-de7accd79a20-1688969018de84e8cb-1":{"type":"collection","settings":{"collection":"epdm-pakketten","image":"shopify:\/\/shop_images\/Ontwerp_zonder_titel_45.png","link":""}},"template--19138348679510__57ad8dbf-3709-4705-b6f5-de7accd79a20-1688969018de84e8cb-2":{"type":"collection","settings":{"collection":"montage-materiaal","image":"shopify:\/\/shop_images\/Ontwerp_zonder_titel_38.png","link":""}},"template--19138348679510__57ad8dbf-3709-4705-b6f5-de7accd79a20-1688969018de84e8cb-3":{"type":"collection","settings":{"collection":"dakgoten","image":"shopify:\/\/shop_images\/Ontwerp_zonder_titel_46.png","link":""}},"template--19138348679510__57ad8dbf-3709-4705-b6f5-de7accd79a20-1688969018de84e8cb-4":{"type":"collection","settings":{"collection":"epdm-dakbedekking","image":"shopify:\/\/shop_images\/Ontwerp_zonder_titel_43.png","link":""}},"template--19138348679510__57ad8dbf-3709-4705-b6f5-de7accd79a20-1688969018de84e8cb-5":{"type":"collection","settings":{"collection":"epdm-dakdoorvoer","image":"shopify:\/\/shop_images\/Ontwerp_zonder_titel_41.png","link":""}}},"block_order":["template--19138348679510__57ad8dbf-3709-4705-b6f5-de7accd79a20-1688969018de84e8cb-0","template--19138348679510__57ad8dbf-3709-4705-b6f5-de7accd79a20-1688969018de84e8cb-1","template--19138348679510__57ad8dbf-3709-4705-b6f5-de7accd79a20-1688969018de84e8cb-2","template--19138348679510__57ad8dbf-3709-4705-b6f5-de7accd79a20-1688969018de84e8cb-3","template--19138348679510__57ad8dbf-3709-4705-b6f5-de7accd79a20-1688969018de84e8cb-4","template--19138348679510__57ad8dbf-3709-4705-b6f5-de7accd79a20-1688969018de84e8cb-5"],"settings":{"title":"","link_title":"View all","link":"","round_images":true,"show_collection_title":true}}},"order":["89ec9c84-259e-4775-84fe-ab78f90c2c7c","76349dfd-9bb0-4880-a39d-77ee4a276f02","main","recently-viewed-products","57ad8dbf-3709-4705-b6f5-de7accd79a20"]}