{"sections":{"main":{"type":"main-collection","settings":{"show_collection_image":true,"collapse_collection_description":false,"collection_image_size":"small","products_per_row":"4","default_products_per_page":24,"default_view_layout":"grid","show_quick_buy":"list_grid","show_quick_view":"list","quick_links":"hulp-nodig","quick_links_show_products_count":true,"show_filters":true,"show_filter_color_swatch":true,"open_group_filters_mode":"all_open"}},"55a7637f-5e6a-4939-86af-bfa158a1cab5":{"type":"custom-html","settings":{"title":"","html":"<h2>Waar is een daktrim voor bedoeld?<\/h2>\n<p>Een <strong>daktrim <\/strong>van aluminium zorgt voor een perfecte dakrandafwerking. Een dakrandprofiel is van belang om je dak te beschermen tegen bijvoorbeeld regen. Een dakrandprofiel zorgt er bovendien voor dat insecten en gevogelte niet in het dak kunnen vestigen. De kwetsbare plekken blijven hierdoor goed beschermd. Om de levensduur van jouw dak te verlengen is een goede trim dus van groot belang. Heb je meer informatie nodig over het plaatsen van een dakrandprofiel? Onze enthousiaste klantenservice staat je graag te woord.<\/p>\n<h2>Daktrimmen van Rooftopshop<\/h2>\n<p>Bestel nu je <a href=\"\/collections\/dakranden\">dakrandprofielen<\/a> op Rooftopshop.nl. Wij leveren aluminium dakrandprofielen aan tegen scherpe prijzen. Naast de gebruikelijke trim hebben wij ook kraaltrimmen in diverse maten in ons assortiment. Een kraaltrim is een trim waarbij het verticale zichtvlak niet recht is, maar in een ronding loopt. Op de website van Rooftopshop vind je een breed assortiment aan dakrandprofielen. In dit aanbod vind je niet alleen jouw ideale dakrandprofiel, maar ook allerlei producten om je aluminium dakrandprofiel te bevestigen. Bekijk hier onze categorieën:<\/p>\n<ul>\n<li><a title=\"Daktrim Universeel\" href=\"\/collections\/daktrim-universeel\" target=\"_blank\" rel=\"noopener\">Daktrim Universeel<\/a><\/li>\n<li><a title=\"Kraaltrim Univereesl\" href=\"\/collections\/kraaltrim-epdm\" target=\"_blank\" rel=\"noopener\">Kraaltrim Universeel<\/a><\/li>\n<li><a title=\"Daktrim EPDM\" href=\"https:\/\/www.rooftopshop.nl\/collections\/daktrim-epdm\" target=\"_blank\" rel=\"noopener\">Daktrim EPDM<\/a><\/li>\n<li><a title=\"Kraaltrim EPDM\" href=\"\/collections\/kraaltrim-epdm\" target=\"_blank\" rel=\"noopener\">Kraaltrim EPDM<\/a><\/li>\n<\/ul>\n<p>Kortom, Wij hebben alles voor je in huis waarmee je je dakrandprofiel kan monteren. Ook voor de complexere klussen hebben wij uitstekende producten. Bekijk snel ons aanbod om de daktrim te vinden die bij jouw klus past.<\/p>\n<h2>Daktrim binnenhoeken en buitenhoeken van Rooftopshop<\/h2>\n<p>Om de hoeken van het dak mooi af te werken, zijn er de daktrim buitenhoeken van Rooftopshop. In ons assortiment hebben wij daktrim hoeken onder een hoek van 90 graden en zijn de benen van de hoek 50 centimeter lang. Voor de daktrim lengte die Rooftopshop in haar assortiment heeft, zijn er zowel bijbehorende binnenhoeken als buitenhoeken verkrijgbaar.<\/p>\n<center><img src=\"https:\/\/cdn.shopify.com\/s\/files\/1\/0377\/9126\/8909\/files\/daktrim-binnenhoek-buitenhopek-uitleg.png?v=1666872130\" alt=\"daktrim binnehoeken en buitenhoeken uitleg\" width=\"600\" height=\"338\"><\/center>\n<h2>Hoe monteer je een universele daktrim?<\/h2>\n<p>Daktrimmen dien je met speciale schroeven met neopreenring en MS Polymeer kit vast te zetten. Deze schroeven zijn voorzien van een rubberen ring, wat er voor zorgt dat je trim waterdicht blijft. Twee trimmen kan je aan elkaar verbinden doormiddel van een koppelstuk. Wij adviseren om ten eerste een laag MS Polymeer kit op de rand van het dak te plaatsen om vervolgens de dakrandprofiel in de kit te drukken. Je schuift het verbindingsplaatje door de trim en vervolgens schuif je het andere deel van de trim eroverheen.<\/p>\n<h2>Hoe monteer je een EPDM daktrim?<\/h2>\n<p>EPDM daktrimmen zijn te monteren op <a href=\"\/products\/epdm-dakbedekking\">EPDM folie<\/a>, PVC en TPO dakbedekkingen. Deze dakrandprofielen zijn voorzien van een strook kroonbandrubber. Dit resulteert in een perfecte waterdichte afsluiting tussen de trim en de dakbedekking. Bij een EPDM daktrim is het dan ook niet nodig om de trim met Polymeer kit te bevestigen. Bij de EPDM daktrim krijg je voldoende schroeven met neopreenring en een koppelstuk meegeleverd. Daarnaast hebben we een <a href=\"\/blogs\/handleidingen\/montagehandleiding-daktrimmen\">montagehandleiding voor daktrimmen<\/a> geschreven zodat je direct aan de slag kan.<\/p>\n<h2>Hoe monteer ik een Doe-Het-Zelf daktrim?<\/h2>\n<p>De <a href=\"\/products\/doe-het-zelf-daktrim\">Doe-Het-Zelf daktrim<\/a> van Rooftopshop is zeer gemakkelijk te monteren. Over de gehele lengte loopt een gootje onder de daktrim. Deze is bedoelt om van een ril kit te voorzien. Hiermee ga je de daktrim vastplakken aan het dak. Ook dien je hem vast te schroeven (schroeven met neopreen ring). Op het horizontale vlak loopt een dun lijntje, hierdoor weet je precies waar je de schroeven dient te monteren.<\/p>\n<h2>Rooftopshop.nl Service<\/h2>\n<p>Op de webshop van Rooftopshop bieden wij aan wat je nodig hebt. Wij bieden persoonlijke assistentie en zorgen ervoor dat je altijd binnen 24 uur antwoord hebt op al je vragen. Neem telefonisch contact met ons op tijdens werkdagen tussen 09:00 en 17:00 uur. Wij zijn bereikbaar op 085 - 060 6 49. Ook mag u altijd een mail sturen naar info@rooftopshop.nl; wij nemen dan zo spoedig mogelijk contact met je op. Als je een dakrandprofiel bij onze webshop besteld, dan mag je uitgaan van de volgende voordelen:<\/p>\n<ul>\n<li>Alle bedragen zijn inclusief BTW<\/li>\n<li>A-kwaliteit producten<\/li>\n<li>Perfecte prijs, kwaliteit verhouding<\/li>\n<li>Topservice<\/li>\n<\/ul>"}},"recently-viewed-products":{"type":"recently-viewed-products","settings":{"title":"Recent bekeken","show_quick_buy":false}},"57ad8dbf-3709-4705-b6f5-de7accd79a20":{"type":"collection-list","blocks":{"template--19138348679510__57ad8dbf-3709-4705-b6f5-de7accd79a20-1688969018de84e8cb-0":{"type":"collection","settings":{"collection":"epdm-lijm-kit","image":"shopify:\/\/shop_images\/Zonder_titel_500_x_800_px_1080_x_1280_px_1.png","link":""}},"template--19138348679510__57ad8dbf-3709-4705-b6f5-de7accd79a20-1688969018de84e8cb-1":{"type":"collection","settings":{"collection":"epdm-pakketten","image":"shopify:\/\/shop_images\/Ontwerp_zonder_titel_45.png","link":""}},"template--19138348679510__57ad8dbf-3709-4705-b6f5-de7accd79a20-1688969018de84e8cb-2":{"type":"collection","settings":{"collection":"montage-materiaal","image":"shopify:\/\/shop_images\/Ontwerp_zonder_titel_38.png","link":""}},"template--19138348679510__57ad8dbf-3709-4705-b6f5-de7accd79a20-1688969018de84e8cb-3":{"type":"collection","settings":{"collection":"dakgoten","image":"shopify:\/\/shop_images\/Ontwerp_zonder_titel_46.png","link":""}},"template--19138348679510__57ad8dbf-3709-4705-b6f5-de7accd79a20-1688969018de84e8cb-4":{"type":"collection","settings":{"collection":"epdm-dakbedekking","image":"shopify:\/\/shop_images\/Ontwerp_zonder_titel_43.png","link":""}},"template--19138348679510__57ad8dbf-3709-4705-b6f5-de7accd79a20-1688969018de84e8cb-5":{"type":"collection","settings":{"collection":"epdm-dakdoorvoer","image":"shopify:\/\/shop_images\/Ontwerp_zonder_titel_41.png","link":""}}},"block_order":["template--19138348679510__57ad8dbf-3709-4705-b6f5-de7accd79a20-1688969018de84e8cb-0","template--19138348679510__57ad8dbf-3709-4705-b6f5-de7accd79a20-1688969018de84e8cb-1","template--19138348679510__57ad8dbf-3709-4705-b6f5-de7accd79a20-1688969018de84e8cb-2","template--19138348679510__57ad8dbf-3709-4705-b6f5-de7accd79a20-1688969018de84e8cb-3","template--19138348679510__57ad8dbf-3709-4705-b6f5-de7accd79a20-1688969018de84e8cb-4","template--19138348679510__57ad8dbf-3709-4705-b6f5-de7accd79a20-1688969018de84e8cb-5"],"settings":{"title":"","link_title":"View all","link":"","round_images":true,"show_collection_title":true}}},"order":["main","55a7637f-5e6a-4939-86af-bfa158a1cab5","recently-viewed-products","57ad8dbf-3709-4705-b6f5-de7accd79a20"]}