{"sections":{"49bba35c-65cc-41bc-8ac6-d8a4a3a42a59":{"type":"rich-text","custom_css":["h2 {margin-bottom: -40px;}"],"settings":{"text_width":"narrow","title":"Dakranden","content":"","button_text":"","button_link":""}},"2642680e-9bae-4e98-9e2f-924f099c3dc1":{"type":"collection-list","blocks":{"template--19242276192598__2642680e-9bae-4e98-9e2f-924f099c3dc1-16889738609a4f8f11-0":{"type":"collection","settings":{"collection":"daktrim-universeel","image":"shopify:\/\/shop_images\/Ontwerp_zonder_titel_61_61716766-5b13-480a-afb2-970b8982da7f.png","link":""}},"template--19242276192598__2642680e-9bae-4e98-9e2f-924f099c3dc1-16889738609a4f8f11-1":{"type":"collection","settings":{"collection":"daktrim-epdm","image":"shopify:\/\/shop_images\/Ontwerp_zonder_titel_60_caa70bb9-12f8-4c8b-bf7c-17cce0530f94.png","link":""}},"template--19242276192598__2642680e-9bae-4e98-9e2f-924f099c3dc1-16889738609a4f8f11-2":{"type":"collection","settings":{"collection":"kraaltrim-universeel","image":"shopify:\/\/shop_images\/Ontwerp_zonder_titel_59_33c89b63-a9f2-494c-80db-f316ee0c8487.png","link":""}},"template--19242276192598__2642680e-9bae-4e98-9e2f-924f099c3dc1-16889738609a4f8f11-3":{"type":"collection","settings":{"collection":"kraaltrim-epdm","image":"shopify:\/\/shop_images\/Ontwerp_zonder_titel_63_dd26ccd4-5a43-41a1-ba13-c0844edaf6c6.png","link":""}}},"block_order":["template--19242276192598__2642680e-9bae-4e98-9e2f-924f099c3dc1-16889738609a4f8f11-0","template--19242276192598__2642680e-9bae-4e98-9e2f-924f099c3dc1-16889738609a4f8f11-1","template--19242276192598__2642680e-9bae-4e98-9e2f-924f099c3dc1-16889738609a4f8f11-2","template--19242276192598__2642680e-9bae-4e98-9e2f-924f099c3dc1-16889738609a4f8f11-3"],"custom_css":[],"settings":{"title":"","link_title":"","link":"shopify:\/\/collections","round_images":false,"show_collection_title":true}},"32127da5-aa17-45e0-9da4-db7a32a0a04a":{"type":"collection-list","blocks":{"template--19242276192598__32127da5-aa17-45e0-9da4-db7a32a0a04a-16889738609a4f8f11-0":{"type":"collection","settings":{"collection":"renovatie-daktrim","image":"shopify:\/\/shop_images\/Renovatie-trim_f5fd2c4e-7c65-4b8e-b004-3ac88a6b07ec_500x-transformed.png","link":""}},"template--19242276192598__32127da5-aa17-45e0-9da4-db7a32a0a04a-16889738609a4f8f11-1":{"type":"collection","settings":{"collection":"deklijsten","image":"shopify:\/\/shop_images\/basis-DEK-A-120_500x-transformed.png","link":""}},"template--19242276192598__32127da5-aa17-45e0-9da4-db7a32a0a04a-16889738609a4f8f11-2":{"type":"collection","settings":{"collection":"knelprofielen","image":"shopify:\/\/shop_images\/CA-8371_500x-transformed.png","link":""}},"template--19242276192598__32127da5-aa17-45e0-9da4-db7a32a0a04a-16889738609a4f8f11-3":{"type":"collection","settings":{"collection":"daktrimmen","image":"shopify:\/\/shop_images\/dhzdaktrim_500x-transformed.png","link":""}}},"block_order":["template--19242276192598__32127da5-aa17-45e0-9da4-db7a32a0a04a-16889738609a4f8f11-0","template--19242276192598__32127da5-aa17-45e0-9da4-db7a32a0a04a-16889738609a4f8f11-1","template--19242276192598__32127da5-aa17-45e0-9da4-db7a32a0a04a-16889738609a4f8f11-2","template--19242276192598__32127da5-aa17-45e0-9da4-db7a32a0a04a-16889738609a4f8f11-3"],"settings":{"title":"","link_title":"","link":"shopify:\/\/collections","round_images":false,"show_collection_title":true}},"main":{"type":"main-collection","settings":{"show_collection_image":true,"collapse_collection_description":false,"collection_image_size":"small","products_per_row":"4","default_products_per_page":24,"default_view_layout":"grid","show_quick_buy":"list_grid","show_quick_view":"list","quick_links":"hulp-nodig","quick_links_show_products_count":true,"show_filters":true,"show_filter_color_swatch":true,"open_group_filters_mode":"all_open"}},"recently-viewed-products":{"type":"recently-viewed-products","settings":{"title":"Recent bekeken","show_quick_buy":false}},"57ad8dbf-3709-4705-b6f5-de7accd79a20":{"type":"collection-list","blocks":{"template--19138348679510__57ad8dbf-3709-4705-b6f5-de7accd79a20-1688969018de84e8cb-0":{"type":"collection","settings":{"collection":"epdm-lijm-kit","image":"shopify:\/\/shop_images\/Zonder_titel_500_x_800_px_1080_x_1280_px_1.png","link":""}},"template--19138348679510__57ad8dbf-3709-4705-b6f5-de7accd79a20-1688969018de84e8cb-1":{"type":"collection","settings":{"collection":"epdm-pakketten","image":"shopify:\/\/shop_images\/Ontwerp_zonder_titel_45.png","link":""}},"template--19138348679510__57ad8dbf-3709-4705-b6f5-de7accd79a20-1688969018de84e8cb-2":{"type":"collection","settings":{"collection":"montage-materiaal","image":"shopify:\/\/shop_images\/Ontwerp_zonder_titel_38.png","link":""}},"template--19138348679510__57ad8dbf-3709-4705-b6f5-de7accd79a20-1688969018de84e8cb-3":{"type":"collection","settings":{"collection":"dakgoten","image":"shopify:\/\/shop_images\/Ontwerp_zonder_titel_46.png","link":""}},"template--19138348679510__57ad8dbf-3709-4705-b6f5-de7accd79a20-1688969018de84e8cb-4":{"type":"collection","settings":{"collection":"epdm-dakbedekking","image":"shopify:\/\/shop_images\/Ontwerp_zonder_titel_43.png","link":""}},"template--19138348679510__57ad8dbf-3709-4705-b6f5-de7accd79a20-1688969018de84e8cb-5":{"type":"collection","settings":{"collection":"epdm-dakdoorvoer","image":"shopify:\/\/shop_images\/Ontwerp_zonder_titel_41.png","link":""}}},"block_order":["template--19138348679510__57ad8dbf-3709-4705-b6f5-de7accd79a20-1688969018de84e8cb-0","template--19138348679510__57ad8dbf-3709-4705-b6f5-de7accd79a20-1688969018de84e8cb-1","template--19138348679510__57ad8dbf-3709-4705-b6f5-de7accd79a20-1688969018de84e8cb-2","template--19138348679510__57ad8dbf-3709-4705-b6f5-de7accd79a20-1688969018de84e8cb-3","template--19138348679510__57ad8dbf-3709-4705-b6f5-de7accd79a20-1688969018de84e8cb-4","template--19138348679510__57ad8dbf-3709-4705-b6f5-de7accd79a20-1688969018de84e8cb-5"],"settings":{"title":"","link_title":"View all","link":"","round_images":true,"show_collection_title":true}},"8041b9eb-8948-4b6d-894b-40ddfcab0652":{"type":"custom-html","settings":{"title":"","html":"<h2>Ontdek Onze Dakranden<\/h2>\n        <p>Als het gaat om de afwerking van jouw dak, zijn dakranden van essentieel belang. Bij Rooftopshop bieden we een uitgebreide selectie hoogwaardige dakranden, waaronder:<\/p>\n        <ul>\n            <li>\n<strong>Universele Daktrimmen:<\/strong> Onze universele daktrimmen zijn ontworpen om de randen van jouw dak te beschermen en een strakke, duurzame afwerking te bieden. Ze zijn geschikt voor verschillende daktypen en materialen.<\/li>\n            <li>\n<strong>EPDM Daktrimmen:<\/strong> Onze EPDM daktrimmen zijn gemaakt van duurzaam EPDM-rubber en bieden uitstekende bescherming tegen weersinvloeden. Ze zijn speciaal ontworpen voor gebruik met EPDM-dakbedekking en zorgen voor een waterdichte aansluiting.<\/li>\n            <li>\n<strong>Kraaltrimmen:<\/strong> Onze kraaltrimmen zijn ideaal voor een decoratieve afwerking van jouw dakranden. Ze voegen een esthetisch element toe aan jouw dakrand en zorgen voor een mooie, gepolijste uitstraling.<\/li>\n        <\/ul>\n        <p>Of je nu op zoek bent naar functionele dakrandbescherming of een esthetische upgrade voor jouw dak, bij Rooftopshop hebben we de juiste oplossing voor u.<\/p>\n    \n    <section>\n        <h2>Voordelen van Onze Dakranden<\/h2>\n        <p>Wanneer je kiest voor onze dakranden, profiteer je van verschillende voordelen, waaronder:<\/p>\n        <ul>\n            <li>Duurzaamheid: Onze dakranden zijn vervaardigd van hoogwaardige materialen en zijn ontworpen om jarenlang mee te gaan.<\/li>\n            <li>Waterdichte Afdichting: EPDM daktrimmen zorgen voor een waterdichte aansluiting, wat essentieel is om lekkages te voorkomen.<\/li>\n            <li>Eenvoudige Installatie: Onze dakranden zijn eenvoudig te installeren, zelfs voor doe-het-zelvers.<\/li>\n            <li>Esthetische Waarde: Kraaltrimmen voegen een esthetisch element toe aan jouw dakranden en verhogen de waarde van jouw woning.<\/li>\n        <\/ul>\n    <\/section>\n    <section>\n        <h2>Waarom Rooftopshop Kiezen voor Dakranden?<\/h2>\n        <p>Bij Rooftopshop zijn we toegewijd aan het leveren van hoogwaardige dakranden die aan al jouw eisen voldoen. Onze producten worden zorgvuldig geselecteerd en voldoen aan strenge kwaliteitsnormen. We bieden ook deskundig advies en uitstekende klantenservice om ervoor te zorgen dat je de juiste keuze maakt voor jouw project.<\/p>\n        <p>Neem vandaag nog contact met ons op om meer te weten te komen over onze dakranden en hoe ze kunnen bijdragen aan de duurzaamheid en uitstraling van jouw dak. Wij staan klaar om al jouw vragen te beantwoorden en je te helpen bij het kiezen van de juiste dakrandoplossing voor uw behoeften.<\/p>\n<\/section>"}}},"order":["49bba35c-65cc-41bc-8ac6-d8a4a3a42a59","2642680e-9bae-4e98-9e2f-924f099c3dc1","32127da5-aa17-45e0-9da4-db7a32a0a04a","main","recently-viewed-products","57ad8dbf-3709-4705-b6f5-de7accd79a20","8041b9eb-8948-4b6d-894b-40ddfcab0652"]}