{"sections":{"main":{"type":"main-collection","disabled":true,"settings":{"show_collection_image":true,"collapse_collection_description":false,"collection_image_size":"small","products_per_row":"4","default_products_per_page":24,"default_view_layout":"grid","show_quick_buy":"list_grid","show_quick_view":"list","quick_links":"hulp-nodig","quick_links_show_products_count":true,"show_filters":true,"show_filter_color_swatch":true,"open_group_filters_mode":"all_open"}},"collection_list_NrGChx":{"type":"collection-list","blocks":{"collection_tCmbkH":{"type":"collection","settings":{"collection":"zink","image":"shopify:\/\/shop_images\/hwa-home-2.png","link":""}},"collection_FQJ9V9":{"type":"collection","settings":{"collection":"hemelwaterafvoer-staal","image":"shopify:\/\/shop_images\/hwa-home.png","link":""}},"collection_KzDkbh":{"type":"collection","settings":{"collection":"hemelwaterafvoer-pvc","image":"shopify:\/\/shop_images\/hwa-home-1.png","link":""}},"collection_TrpgHg":{"type":"collection","settings":{"collection":"hemelwaterafvoer-aluminium","image":"shopify:\/\/shop_images\/hwa-home-2_1.png","link":""}}},"block_order":["collection_tCmbkH","collection_FQJ9V9","collection_KzDkbh","collection_TrpgHg"],"settings":{"title":"Onze soorten hemelwaterafvoer","link_title":"","link":"","round_images":true,"show_collection_title":true}},"featured_collection_EUz4Kh":{"type":"featured-collection","settings":{"collection":"hemelwaterafvoer-staal","title":"Staal - Magnelis","products_count":12,"layout":"vertical","stack_products":false,"show_quick_buy":false,"link_title":"Bekijk alles","link_url":""}},"featured_collection_fM3i7U":{"type":"featured-collection","settings":{"collection":"zink","title":"Zink","products_count":12,"layout":"vertical","stack_products":false,"show_quick_buy":false,"link_title":"Bekijk alles","link_url":""}},"1a498fc2-2d29-4030-998f-ccdba0702768":{"type":"rich-text","custom_css":["h2,p {text-align: left;}"],"settings":{"text_width":"narrow","title":"Dakgoten kopen bij Rooftopshop","content":"<p><strong>Dakgoten<\/strong> zijn een essentieel onderdeel van elk gebouw, of het nu een huis, kantoorpand of commerciële ruimte is. Ze spelen een cruciale rol bij het afvoeren van regenwater van het dak en zorgen ervoor dat jouw woning beschermd blijft tegen waterschade. Door het water efficiënt weg te leiden, voorkomen dakgoten problemen zoals lekkages, vochtproblemen en schade aan de fundering.<\/p><p>Er zijn verschillende soorten dakgoten beschikbaar, waaronder bakgoten, mastgoten, kilgoten en zakgoten. Elke soort heeft zijn eigen kenmerken en voordelen. Bakgoten, ook wel bekend als u-vormige goten, zijn populair vanwege hun hoge watercapaciteit en klassieke uitstraling. Mastgoten zijn rechthoekige goten die een moderne look bieden en geschikt zijn voor grotere hoeveelheden regenwater.<\/p>","button_text":"","button_link":""}},"38df2331-e4dd-4e9a-a034-28063690bf32":{"type":"rich-text","custom_css":["h2,p {text-align: left;}"],"settings":{"text_width":"narrow","title":"Verschillende materialen dakgoten","content":"<p>Naast de verschillende soorten dakgoten zijn er ook diverse materialen waaruit je kunt kiezen. Populaire materialen zijn PVC, zink, aluminium en koper. PVC-goten zijn betaalbaar, duurzaam en onderhoudsarm. Zinken goten bieden een klassieke uitstraling, zijn robuust en hebben een lange levensduur. Aluminiumgoten zijn lichtgewicht, corrosiebestendig en verkrijgbaar in verschillende kleuren. Koperen goten staan bekend om hun esthetische aantrekkingskracht, duurzaamheid en unieke patina-ontwikkeling.<\/p>","button_text":"","button_link":""}},"recently-viewed-products":{"type":"recently-viewed-products","settings":{"title":"Recent bekeken","show_quick_buy":false}},"57ad8dbf-3709-4705-b6f5-de7accd79a20":{"type":"collection-list","blocks":{"template--19138348679510__57ad8dbf-3709-4705-b6f5-de7accd79a20-1688969018de84e8cb-0":{"type":"collection","settings":{"collection":"epdm-lijm-kit","image":"shopify:\/\/shop_images\/Zonder_titel_500_x_800_px_1080_x_1280_px_1.png","link":""}},"template--19138348679510__57ad8dbf-3709-4705-b6f5-de7accd79a20-1688969018de84e8cb-1":{"type":"collection","settings":{"collection":"epdm-pakketten","image":"shopify:\/\/shop_images\/Ontwerp_zonder_titel_45.png","link":""}},"template--19138348679510__57ad8dbf-3709-4705-b6f5-de7accd79a20-1688969018de84e8cb-2":{"type":"collection","settings":{"collection":"montage-materiaal","image":"shopify:\/\/shop_images\/Ontwerp_zonder_titel_38.png","link":""}},"template--19138348679510__57ad8dbf-3709-4705-b6f5-de7accd79a20-1688969018de84e8cb-3":{"type":"collection","settings":{"collection":"dakgoten","image":"shopify:\/\/shop_images\/Ontwerp_zonder_titel_46.png","link":""}},"template--19138348679510__57ad8dbf-3709-4705-b6f5-de7accd79a20-1688969018de84e8cb-4":{"type":"collection","settings":{"collection":"epdm-dakbedekking","image":"shopify:\/\/shop_images\/Ontwerp_zonder_titel_43.png","link":""}},"template--19138348679510__57ad8dbf-3709-4705-b6f5-de7accd79a20-1688969018de84e8cb-5":{"type":"collection","settings":{"collection":"epdm-dakdoorvoer","image":"shopify:\/\/shop_images\/Ontwerp_zonder_titel_41.png","link":""}}},"block_order":["template--19138348679510__57ad8dbf-3709-4705-b6f5-de7accd79a20-1688969018de84e8cb-0","template--19138348679510__57ad8dbf-3709-4705-b6f5-de7accd79a20-1688969018de84e8cb-1","template--19138348679510__57ad8dbf-3709-4705-b6f5-de7accd79a20-1688969018de84e8cb-2","template--19138348679510__57ad8dbf-3709-4705-b6f5-de7accd79a20-1688969018de84e8cb-3","template--19138348679510__57ad8dbf-3709-4705-b6f5-de7accd79a20-1688969018de84e8cb-4","template--19138348679510__57ad8dbf-3709-4705-b6f5-de7accd79a20-1688969018de84e8cb-5"],"settings":{"title":"","link_title":"View all","link":"","round_images":true,"show_collection_title":true}}},"order":["main","collection_list_NrGChx","featured_collection_EUz4Kh","featured_collection_fM3i7U","1a498fc2-2d29-4030-998f-ccdba0702768","38df2331-e4dd-4e9a-a034-28063690bf32","recently-viewed-products","57ad8dbf-3709-4705-b6f5-de7accd79a20"]}