{"sections":{"promotion_list_JkpUzw":{"type":"promotion-list","blocks":{"item_BR4fUY":{"type":"item","settings":{"image":"shopify:\/\/shop_images\/dakdekker-epdm-dakbedekking_2d7d8037-9429-4619-a07d-1b65b839641b.jpg","show_overlay":true,"overlay_opacity":73,"stretch_image":true,"background":"#ffffff","text_color":"#ffffff","title":"EPDM Dakbedekking","content":"<p>EPDM van de hoogste kwaliteit <\/p>","content_position":"middle_center","button_background":"#fd0505","button_text_color":"#ffffff","button_text":"Dakbedekking","button_link":""}},"item_yetrBY":{"type":"item","settings":{"image":"shopify:\/\/shop_images\/epdm-pakket_1_0ef9ca93-4383-4ea4-9628-06ea29f849bd.png","show_overlay":true,"overlay_opacity":78,"stretch_image":true,"background":"#ffffff","text_color":"#ffffff","title":"EPDM pakket","content":"<p>Kies voor gemak en zekerheid met het alles-in-een pakket.<\/p>","content_position":"middle_center","button_background":"#ff0000","button_text_color":"#ffffff","button_text":"EPDM Pakket","button_link":""}},"item_AzEdmn":{"type":"item","settings":{"image":"shopify:\/\/shop_images\/shutterstock_1664316538_47ccd94d-dba6-45b5-a654-2aeae5399362.jpg","show_overlay":true,"overlay_opacity":56,"stretch_image":true,"background":"#f3f5f6","text_color":"#ffffff","title":"Daktrimmen","content":"<p>Dakrandafwerking voor EPDM en bitumen<\/p>","content_position":"middle_center","button_background":"#ff0606","button_text_color":"#ffffff","button_text":"Daktrimmen","button_link":""}}},"block_order":["item_BR4fUY","item_yetrBY","item_AzEdmn"],"custom_css":["@media screen and (min-width: 641px) {.block-list {flex-flow: row; flex-direction: row; flex-wrap: nowrap;margin-bottom: 0px;"],"settings":{"expand_items":true,"section_size":"small","stack_mobile":false}},"text_with_icons_3W97xR":{"type":"text-with-icons","blocks":{"item_NrREtm":{"type":"item","settings":{"icon":"bi-delivery","title":"Free delivery worldwide","content":""}},"item_WmNX4R":{"type":"item","settings":{"icon":"bi-returns","title":"Satisfied or refunded","content":""}},"item_aYyQUk":{"type":"item","settings":{"icon":"bi-customer-support","title":"Top-notch support","content":""}},"item_7qdM4T":{"type":"item","settings":{"icon":"bi-secure-payment","title":"Secure payments","content":""}}},"block_order":["item_NrREtm","item_WmNX4R","item_aYyQUk","item_7qdM4T"],"custom_css":[".text-with-icons__content-wrapper {margin: 0.5em 18px 0 0;}"],"settings":{"stack_mobile":false}},"text_with_icon_2_xbnaUy":{"type":"text-with-icon-2","blocks":{"item_PPUAHj":{"type":"item","settings":{"icon":"bi-delivery","title":"Gratis verzending vanaf 195,-"}},"item_r4gxaw":{"type":"item","settings":{"icon":"bi-fast-delivery","title":"Snelle levertijden"}},"item_xnN3DK":{"type":"item","settings":{"icon":"bi-customer-support","title":"Altijd binnen 24 uur reactie"}},"item_CPfAJ6":{"type":"item","settings":{"icon":"bi-shield","title":"50 jaar garantie op alle producten"}}},"block_order":["item_PPUAHj","item_r4gxaw","item_xnN3DK","item_CPfAJ6"],"disabled":true,"settings":{"stack_mobile":true}},"b1aea657-bf91-4742-9046-5f6534157a9c":{"type":"collection-with-image","settings":{"collection":"epdm-dakbedekking","products_count":8,"show_quick_buy":false,"background":"#1e2d7d","text_color":"#ffffff","title":"EPDM","content":"Bij rooftopshop verkopen wij EPDM van de hoogste kwaliteit. Het door jouw bestelde folie wordt altijd op maat gemaakt.","button_background":"#ffffff","button_text_color":"#000000","button_text":"Bekijk meer","button_link":""}},"a0cecf97-8983-4ecd-ac4b-95d89eb0c4ac":{"type":"featured-collection","disabled":true,"settings":{"collection":"selectie-noindex","title":"EPDM en benodigdheden","products_count":4,"layout":"vertical","stack_products":false,"show_quick_buy":false,"link_title":"","link_url":""}},"featured-collection":{"type":"featured-collection","settings":{"collection":"meest-verkocht","title":"Meest verkochte daktrimmen","products_count":12,"layout":"vertical","stack_products":false,"show_quick_buy":false,"link_title":"","link_url":""}},"b6fd9a02-a61c-411e-80d3-fd28e29be50c":{"type":"image-with-text","settings":{"image":"shopify:\/\/shop_images\/shutterstock_1664316538_47ccd94d-dba6-45b5-a654-2aeae5399362.jpg","image_position":"left","image_width":50,"title":"Dé EPDM dakleverancier","content":"<p>Bij Rooftopshop hechten wij veel waarde aan de relatie met onze klanten. Om onze klanten zo goed mogelijk te begeleiden bij het verwerken van onze producten, hebben wij meerdere <a href=\"\/blogs\/handleidingen\" title=\"\/blogs\/handleidingen\">montagehandleidingen<\/a> in onze kennisbank! Onze kennisbank bevat diverse montagehandleidingen en informatieve blogs om je te begeleiden. Bovendien bieden wij bij Rooftopshop ook persoonlijke ondersteuning aan onze klanten. Ons deskundig team staat klaar om vragen te beantwoorden, advies te geven en eventuele problemen op te lossen die zich kunnen voordoen tijdens het verwerkingsproces.<\/p>","button_text":"Kennisbank","button_link":"shopify:\/\/blogs\/handleidingen"}},"quick_links_xLgwCR":{"type":"quick-links","blocks":{"link_txxAUw":{"type":"link","settings":{"title":"Over ons","link":"shopify:\/\/pages\/over-ons"}},"link_tMBxpk":{"type":"link","settings":{"title":"B2B","link":"shopify:\/\/pages\/zakelijk"}},"link_9BpCpD":{"type":"link","settings":{"title":"Klantenservice","link":"shopify:\/\/pages\/klantenservice"}},"link_XxmaEn":{"type":"link","settings":{"title":"Garantie & Retourneren","link":"shopify:\/\/pages\/verzending-garantie-retour"}},"link_7M73n8":{"type":"link","settings":{"title":"Handleidingen","link":"shopify:\/\/blogs\/handleidingen"}},"link_3XqFrE":{"type":"link","settings":{"title":"Nieuws & Tips","link":"shopify:\/\/blogs\/nieuws"}}},"block_order":["link_txxAUw","link_tMBxpk","link_9BpCpD","link_XxmaEn","link_7M73n8","link_3XqFrE"],"disabled":true,"settings":{"title":"","expand_items":true,"show_desktop":true,"link_title":"","link":""}},"9bd02de9-7bfd-4ad0-96e5-67788bb95c19":{"type":"featured-product","blocks":{"template--19138348777814__9bd02de9-7bfd-4ad0-96e5-67788bb95c19-16873521169dd84c65-0":{"type":"product_meta","settings":{"show_vendor":false,"show_sku":false,"show_reviews_badge":false,"show_share_buttons":false}},"template--19138348777814__9bd02de9-7bfd-4ad0-96e5-67788bb95c19-16873521169dd84c65-1":{"type":"featured_description","disabled":true,"settings":{}},"template--19138348777814__9bd02de9-7bfd-4ad0-96e5-67788bb95c19-16873521169dd84c65-2":{"type":"variant_selector","settings":{"selector_mode":"block","color_mode":"color","variant_image_options":"","show_quantity_selector":true,"show_taxes_included":false,"show_inventory_quantity":false,"low_inventory_threshold":0,"progress_bar_max_value":50}},"template--19138348777814__9bd02de9-7bfd-4ad0-96e5-67788bb95c19-16873521169dd84c65-3":{"type":"buy_buttons","settings":{"show_payment_button":false,"show_gift_card_recipient":false}}},"block_order":["template--19138348777814__9bd02de9-7bfd-4ad0-96e5-67788bb95c19-16873521169dd84c65-0","template--19138348777814__9bd02de9-7bfd-4ad0-96e5-67788bb95c19-16873521169dd84c65-1","template--19138348777814__9bd02de9-7bfd-4ad0-96e5-67788bb95c19-16873521169dd84c65-2","template--19138348777814__9bd02de9-7bfd-4ad0-96e5-67788bb95c19-16873521169dd84c65-3"],"custom_css":[".product-form__info-item--quantity {display: none;}"],"settings":{"product":"epdm-compleet-pakket","title":"EPDM Pakket","link_title":"Bekijk product","link_url":"","image_size":"small","enable_image_zoom":false,"enable_video_looping":false,"zoom_effect":"outside","carousel_effect":"fade"}},"collection-list":{"type":"collection-list","blocks":{"collection-3":{"type":"collection","settings":{"collection":"epdm-lijm-kit","image":"shopify:\/\/shop_images\/Lijm-set-compleet_3.png","link":""}},"collection-5":{"type":"collection","settings":{"collection":"ontluchtingen","image":"shopify:\/\/shop_images\/Ontwerp_zonder_titel_41.png","link":""}},"collection-6":{"type":"collection","settings":{"collection":"loodvervanger","image":"shopify:\/\/shop_images\/Ontwerp_zonder_titel_42.png","link":""}},"collection-2":{"type":"collection","settings":{"collection":"montage-materiaal","image":"shopify:\/\/shop_images\/Lijm-set-compleet_2.png","link":""}},"771de43b-871a-4967-9f98-83a7b7136ec8":{"type":"collection","settings":{"collection":"marterprofielen","image":"shopify:\/\/shop_images\/Lijm-set-compleet_4.png","link":""}}},"block_order":["collection-3","collection-5","collection-6","collection-2","771de43b-871a-4967-9f98-83a7b7136ec8"],"settings":{"title":"Een greep uit het assortiment","link_title":"","link":"","round_images":false,"show_collection_title":true}},"blog-posts":{"type":"blog-posts","settings":{"blog":"nieuws","blog_posts_count":3,"title":"Nieuws & Tips","link_title":"Bekijk alle blogs","show_category":true,"show_author":true,"show_date":true,"show_excerpt":false,"stack_mobile":false}},"a904c49c-56d9-477a-836c-dab40c2baab6":{"type":"offers","blocks":{"template--19138348777814__a904c49c-56d9-477a-836c-dab40c2baab6-168735227889490dcd-0":{"type":"offer","settings":{"title":"EPDM bestellen bij Rooftopshop","content":"<p>Rooftopshop is een winkel die gespecialiseerd is in dakmaterialen en biedt een breed assortiment aan EPDM producten aan.<\/p>"}},"template--19138348777814__a904c49c-56d9-477a-836c-dab40c2baab6-168735227889490dcd-1":{"type":"offer","settings":{"title":"Service & Support","content":"<p>Rooftopshop biedt uitstekende service en ondersteuning aan haar klanten. We staan bekend om onze klantgerichtheid en advies.<\/p>"}}},"block_order":["template--19138348777814__a904c49c-56d9-477a-836c-dab40c2baab6-168735227889490dcd-0","template--19138348777814__a904c49c-56d9-477a-836c-dab40c2baab6-168735227889490dcd-1"],"settings":{"items_per_row":2,"stack_mobile":false}},"3ea27daa-6de8-4622-a335-2159455844a7":{"type":"image-with-text","settings":{"image":"shopify:\/\/shop_images\/laptops-ge88bf5e05_1920.webp","image_position":"right","image_width":50,"title":"Zakelijke klant?","content":"<p>Bij de Rooftopshop begrijpen we dat jouw tijd waardevol is. Daarom zorgen wij voor hoogwaardige materialen, eenvoudig bestelgemak en snelle levering. Wij bieden uitgebreid advies wanneer nodig, zodat jij je kunt concentreren op het realiseren van mooie projecten en het tevredenstellen van jouw klanten. Bezoek onze <a href=\"\/pages\/zakelijk\" title=\"\/pages\/zakelijk\">zakelijke pagina<\/a> voor meer informatie over een samenwerking of bel ons direct.<\/p>","button_text":"Bel: 085 060 06 49","button_link":"tel:0850600649"}},"889070c4-142d-43c5-b090-db45be28ad4e":{"type":"text-with-icons","blocks":{"template--19138348777814__889070c4-142d-43c5-b090-db45be28ad4e-1687869482225240a5-0":{"type":"item","settings":{"icon":"bi-credit-card","title":"Betalen op factuur","content":"<p>Zakelijke klanten hebben de mogelijkheid om achteraf op factuur te betalen. Dit kan vanaf de tweede bestelling.<\/p>"}},"template--19138348777814__889070c4-142d-43c5-b090-db45be28ad4e-1687869482225240a5-1":{"type":"item","settings":{"icon":"bi-customer-support","title":"Eigen accountmanager","content":"<p>Bij Rooftopshop heb je als zakelijke relatie een vast aanspreekpunt. Maak snel kennis met jouw vertegenwoordiger.<\/p>"}}},"block_order":["template--19138348777814__889070c4-142d-43c5-b090-db45be28ad4e-1687869482225240a5-0","template--19138348777814__889070c4-142d-43c5-b090-db45be28ad4e-1687869482225240a5-1"],"settings":{"stack_mobile":false}},"f3a67a81-182f-454c-b5d4-4b59db166472":{"type":"collection-list","blocks":{"template--19138348777814__f3a67a81-182f-454c-b5d4-4b59db166472-16873539831f80728d-1":{"type":"collection","settings":{"collection":"epdm-dakbedekking","image":"shopify:\/\/shop_images\/12_49incl_btwperM2_500x-transformed.png","link":""}},"template--19138348777814__f3a67a81-182f-454c-b5d4-4b59db166472-16873539831f80728d-3":{"type":"collection","settings":{"collection":"epdm-pakketten","image":"shopify:\/\/shop_images\/Ontwerp_zonder_titel_45.png","link":""}},"template--19138348777814__f3a67a81-182f-454c-b5d4-4b59db166472-16873539831f80728d-0":{"type":"collection","settings":{"collection":"dakranden","image":"shopify:\/\/shop_images\/Lijm-set-compleet_7.png","link":""}},"template--19138348777814__f3a67a81-182f-454c-b5d4-4b59db166472-16873539831f80728d-2":{"type":"collection","settings":{"collection":"isolatie","image":"shopify:\/\/shop_images\/iko-enertherm-pir-isolatie.png","link":""}},"template--19138348777814__f3a67a81-182f-454c-b5d4-4b59db166472-16873539831f80728d-4":{"type":"collection","settings":{"collection":"dakgoten","image":"shopify:\/\/shop_images\/Zink-Mastgoot-model-M333-3mtr-removebg-preview.png","link":""}},"template--19138348777814__f3a67a81-182f-454c-b5d4-4b59db166472-16873539831f80728d-5":{"type":"collection","settings":{"collection":"montage-materiaal","image":"shopify:\/\/shop_images\/Lijm-set-compleet_2.png","link":""}}},"block_order":["template--19138348777814__f3a67a81-182f-454c-b5d4-4b59db166472-16873539831f80728d-1","template--19138348777814__f3a67a81-182f-454c-b5d4-4b59db166472-16873539831f80728d-3","template--19138348777814__f3a67a81-182f-454c-b5d4-4b59db166472-16873539831f80728d-0","template--19138348777814__f3a67a81-182f-454c-b5d4-4b59db166472-16873539831f80728d-2","template--19138348777814__f3a67a81-182f-454c-b5d4-4b59db166472-16873539831f80728d-4","template--19138348777814__f3a67a81-182f-454c-b5d4-4b59db166472-16873539831f80728d-5"],"settings":{"title":"","link_title":"View all","link":"","round_images":true,"show_collection_title":true}},"collection_list_zJTH3B":{"type":"collection-list","blocks":{"collection_HcExEK":{"type":"collection","settings":{"collection":"zink","image":"shopify:\/\/shop_images\/hwa-home-2.png","link":""}},"collection_iyryLm":{"type":"collection","settings":{"collection":"hemelwaterafvoer-staal","image":"shopify:\/\/shop_images\/hwa-home.png","link":""}},"collection_HMdtzD":{"type":"collection","settings":{"collection":"hemelwaterafvoer-pvc","image":"shopify:\/\/shop_images\/hwa-home-1.png","link":""}},"collection_9aMLhf":{"type":"collection","settings":{"collection":"hemelwaterafvoer-aluminium","image":"shopify:\/\/shop_images\/hwa-home-2_1.png","link":""}}},"block_order":["collection_HcExEK","collection_iyryLm","collection_HMdtzD","collection_9aMLhf"],"settings":{"title":"","link_title":"","link":"","round_images":true,"show_collection_title":true}},"1a808f24-c803-4146-87d3-8592b880c7bc":{"type":"rich-text","settings":{"text_width":"narrow","title":"Maatschappelijk Verantwoord Ondernemen (MVO)","content":"<p>MVO is een belangrijk onderdeel binnen onze bedrijfsvoering. We zetten ons in om duurzame verbeteringen te implementeren, zoals het gebruik maken van milieuvriendelijke materialen en het minimaliseren van ons energieverbruik. We streven naar een positieve impact op het milieu en streven naar een groenere toekomst voor de bouwsector.<\/p>","button_text":"","button_link":"shopify:\/\/collections\/all"}},"195e2f11-9e83-40ee-9535-3d7dc1d38630":{"type":"promotion-list","blocks":{"template--19138348777814__195e2f11-9e83-40ee-9535-3d7dc1d38630-1687354103cbc06ea9-0":{"type":"item","settings":{"image":"shopify:\/\/shop_images\/laptops-ge88bf5e05_1920.webp","show_overlay":true,"overlay_opacity":89,"stretch_image":true,"background":"#aa8cff","text_color":"#ffffff","title":"Zakelijk bestellen","content":"<p>Bij Rooftopshop kan je moeiteloos en snel zakelijke bestellingen plaatsen. Vraag een offerte aan of neem contact op met een van onze specialisten.<\/p>","content_position":"top_left","button_background":"#e6332a","button_text_color":"#ffffff","button_text":"Zakelijke afdeling","button_link":"shopify:\/\/pages\/zakelijk"}},"template--19138348777814__195e2f11-9e83-40ee-9535-3d7dc1d38630-1687354103cbc06ea9-1":{"type":"item","settings":{"image":"shopify:\/\/shop_images\/Dakenshop-Blog-1-September-2020-o1.jpg","show_overlay":true,"overlay_opacity":80,"stretch_image":true,"background":"#fc2a68","text_color":"#ffffff","title":"Duurzame vorm van dakbedekking","content":"<p>EPDM is de meest duurzame vorm van dakdekken, met een lange levensduur en minimale onderhoudsvereisten.<\/p>","content_position":"top_left","button_background":"#e6332a","button_text_color":"#ffffff","button_text":"Bekijk het assortiment","button_link":"shopify:\/\/collections\/epdm-dakbedekking"}},"446906f9-3c7b-4c26-9712-c4207097f44b":{"type":"item","settings":{"image":"shopify:\/\/shop_images\/dakdekker-epdm-dakbedekking_2d7d8037-9429-4619-a07d-1b65b839641b.jpg","show_overlay":true,"overlay_opacity":80,"stretch_image":true,"background":"#00aa00","text_color":"#ffffff","title":"Waarom kiezen voor EPDM?","content":"<p>EPDM is de ideale keuze voor dakbedekking vanwege de lange levensduur, weerbestendigheid en milieuvriendelijkheid. Wil jij weten waarom je beter voor EPDM kan kiezen dan Bitumen? Lees dan vooral onze blog verder!<\/p>","content_position":"top_left","button_background":"#e6332a","button_text_color":"#ffffff","button_text":"Bekijk de volledige blog","button_link":"shopify:\/\/blogs\/nieuws"}}},"block_order":["template--19138348777814__195e2f11-9e83-40ee-9535-3d7dc1d38630-1687354103cbc06ea9-0","template--19138348777814__195e2f11-9e83-40ee-9535-3d7dc1d38630-1687354103cbc06ea9-1","446906f9-3c7b-4c26-9712-c4207097f44b"],"disabled":true,"settings":{"expand_items":true,"section_size":"medium","stack_mobile":false}},"2fbb94b4-a079-4eb4-a87d-1b7a010bc7b7":{"type":"custom-html","settings":{"title":"","html":"<h1>Rooftopshop, nummer 1 in EPDM dakbedekking<\/h1>\n<p>Ben je nieuwsgierig naar de mogelijkheden om zelf je dak te voorzien van EPDM? Dan ben je bij Rooftopshop op het juiste adres. Dankzij onze ervaring hebben wij ons kunnen specialiseren op het gebied van <strong>EPDM dakbedekking<\/strong> en alles wat hier bij komt kijken. Verder biedt het uitgebreid assortiment van Rooftopshop ook een ruim assortiment aan <a title=\"EPDM dakdoorvoeren\" href=\"\/collections\/epdm-dakdoorvoer\">EPDM dakdoorvoeren<\/a> inclusief de benodigde toebehoren. Ontdek de vele voordelen die EPDM dakbedekking bied en geniet jarenlang van een knap dak.<\/p>\n<h2>Rooftopshop staat altijd voor je klaar<\/h2>\n<p>Rooftopshop staat voor A-kwaliteit. Ons team bestaat uit enthousiaste mensen met ervaring waarmee je verzekerd bent van dé beste kwaliteit. Onze producten zijn snel leverbaar waardoor je snel aan de slag kan. Bestel snel en gemakkelijk online al je dakbenodigdheden bij <strong>Rooftopshop<\/strong>. Wij streven ervoor om de bestelling zo spoedig mogelijk te bezorgen. Kortom, genoeg redenen om je EPDM producten bij Rooftopshop aan te schaffen.<\/p>\n<h2>Waarom EPDM dakbedekking?<\/h2>\n<p><a title=\"EPDM dakbedekking\" href=\"\/collections\/epdm-dakbedekking\" target=\"_blank\" rel=\"noopener\">EPDM dakbedekking<\/a> is licht in gewicht en zorgt voor een waterdichte afwerking van een plat dak of dak met lichte helling. Het leggen van <a href=\"\/products\/epdm-dakbedekking\">EPDM dakfolie<\/a> is over het algemeen geen ingewikkelde klus. Je hoeft dus geen professionele dakdekker te zijn. EPDM dakfolie is milieuvriendelijk en kan gerecycled worden. Het is een sterk en duurzaam product met uitstekende elasticiteit. Een dak met EPDM dakbedekking heeft een minimale levensduur van 50 jaar.<\/p>\n<h2>Ruim assortiment daktrimmen<\/h2>\n<p><a title=\"Daktrimmen\" href=\"\/collections\/daktrimmen\" target=\"_blank\" rel=\"noopener\">Daktrimmen<\/a> zijn te gebruiken wanneer je een dakrand wil afwerken. Daktrimmen komen aan de rand van het dak en zorgen voor een nette afwerking van het dak. Rooftopshop heeft een breed assortiment aan daktrimmen. Zo beschikken wij over normale daktrimmen maar ook kraaltrimmen die voor een sierlijk effect zorgen. Rooftopshop heeft meerdere varianten, zowel voor bitumen daken als EPDM daken. Voor montage op EPDM daken gebruik je MS Polymeerkit en schroeven met neopreen ring voor een waterdichte afwerking<\/p>\n<h2>Rooftopshop biedt meer aan dan alleen EPDM<\/h2>\n<p>Voor EPDM kan je bij Rooftopshop goed terecht, maar Rooftopshop biedt meer aan dan alleen EPDM. Bovendien leveren wij alle benodigdheden om zelf je EPDM folie te monteren. Wij bieden bijvoorbeeld <a title=\"EPDM lijm &amp; kit\" href=\"\/collections\/epdm-lijm-kit\" target=\"_blank\" rel=\"noopener\">EPDM lijm &amp; kit<\/a> voor het monteren van dakdoorvoeren en het bevestigen van je dakbedekking. Ook bieden wij EPDM pakketten aan, deze <a title=\"EPDM pakketten\" href=\"\/products\/epdm-compleet-pakket\" target=\"_blank\" rel=\"noopener\">EPDM pakketten<\/a> zijn voorzien van alle benodigdheden zodat jij gelijk aan de slag kan. Je kan je compleet pakket in enkele stappen samenstellen.<\/p>"}},"rich_text_BadwDh":{"type":"rich-text","settings":{"text_width":"narrow","title":"Nummer 1 in EPDM dakbedekking","content":"<p>Ben je nieuwsgierig naar de mogelijkheden om zelf je dak te voorzien van EPDM? Dan ben je bij Rooftopshop aan het juiste adres.<\/p><p>Dankzij onze ervaring hebben wij ons kunnen specialiseren op het gebied van <strong>EPDM dakbedekking<\/strong> en alles wat hier bij komt kijken. <\/p><p>Verder biedt ons uitgebreide assortiment ook een ruime keuze aan toebehoren. Ontdek de vele voordelen die EPDM dakbedekking bied en geniet jarenlang van een knap dak.<\/p>","button_text":"Onze assortiment","button_link":"shopify:\/\/collections\/all"}},"image_with_text_Yq6JEg":{"type":"image-with-text","settings":{"image_position":"right","image_width":20,"title":"Your title","content":"<p>Use this text to share information about your brand with your customers.<br\/>Describe a product, share announcements, or welcome customers to your store.<\/p>","button_text":"Our products","button_link":"shopify:\/\/collections\/all"}},"c4cf03c3-9c2b-47ca-b7e3-4c2933ae148a":{"type":"newsletter","settings":{"title":"Nieuwsbrief Rooftopshop","content":"<p>Door te abonneren op onze nieuwsbrief blijf je op de hoogte van al onze aanbiedingen en nieuwe producten!<\/p>","background":"#f3f5f6","text":"#000000"}}},"order":["promotion_list_JkpUzw","text_with_icons_3W97xR","text_with_icon_2_xbnaUy","b1aea657-bf91-4742-9046-5f6534157a9c","a0cecf97-8983-4ecd-ac4b-95d89eb0c4ac","featured-collection","b6fd9a02-a61c-411e-80d3-fd28e29be50c","quick_links_xLgwCR","9bd02de9-7bfd-4ad0-96e5-67788bb95c19","collection-list","blog-posts","a904c49c-56d9-477a-836c-dab40c2baab6","3ea27daa-6de8-4622-a335-2159455844a7","889070c4-142d-43c5-b090-db45be28ad4e","f3a67a81-182f-454c-b5d4-4b59db166472","collection_list_zJTH3B","1a808f24-c803-4146-87d3-8592b880c7bc","195e2f11-9e83-40ee-9535-3d7dc1d38630","2fbb94b4-a079-4eb4-a87d-1b7a010bc7b7","rich_text_BadwDh","image_with_text_Yq6JEg","c4cf03c3-9c2b-47ca-b7e3-4c2933ae148a"]}