{"sections":{"main":{"type":"main-page","settings":{}},"130251f0-1046-470e-8ae3-ecc335e5a32b":{"type":"contact-form","blocks":{"0dfd513d-67fe-4425-9aa7-a01d2bcdfed6":{"type":"text","settings":{"title":"Telefoonnummer","use_long_text":false,"is_required":false}}},"block_order":["0dfd513d-67fe-4425-9aa7-a01d2bcdfed6"],"settings":{"form_heading":"Offerte formulier","form_content":"","show_store_info":true,"store_heading":"","store_info":"<p><strong>Rooftopshop<\/strong><\/p><p>Het Arsenaal 32B<br\/>1781XP Den Helder<br\/>E: <a href=\"mailto:info@rooftopshop.nl\" target=\"_blank\" title=\"mailto:info@rooftopshop.nl\">info@rooftopshop.nl<\/a><br\/>T: <a href=\"tel:0850600649\" target=\"_blank\" title=\"tel:0850600649\">085 - 060 06 49<\/a><\/p><p>KvK: 76950662<br\/>BTW-id: NL860850924B01<br\/>IBAN<strong>: <\/strong>NL43 RABO 0354 7244 01<\/p>"}},"212c1fdd-7787-4384-ad9a-5fe1d31f5724":{"type":"quick-links","blocks":{"template--19181782729046__212c1fdd-7787-4384-ad9a-5fe1d31f5724-1688026358efc53e2b-0":{"type":"link","settings":{"title":"Zakelijk","link":"shopify:\/\/pages\/zakelijk"}},"template--19181782729046__212c1fdd-7787-4384-ad9a-5fe1d31f5724-1688026358efc53e2b-1":{"type":"link","settings":{"title":"Klantenserivce","link":"shopify:\/\/pages\/klantenservice"}},"template--19181782729046__212c1fdd-7787-4384-ad9a-5fe1d31f5724-1688026358efc53e2b-2":{"type":"link","settings":{"title":"Contact","link":"shopify:\/\/pages\/klantenservice"}}},"block_order":["template--19181782729046__212c1fdd-7787-4384-ad9a-5fe1d31f5724-1688026358efc53e2b-0","template--19181782729046__212c1fdd-7787-4384-ad9a-5fe1d31f5724-1688026358efc53e2b-1","template--19181782729046__212c1fdd-7787-4384-ad9a-5fe1d31f5724-1688026358efc53e2b-2"],"settings":{"title":"Handige linkjes","expand_items":true,"show_desktop":true,"link_title":"","link":""}},"983b382a-3538-4783-abde-ea49bf29788d":{"type":"collection-with-image","settings":{"collection":"epdm-dakbedekking","products_count":12,"show_quick_buy":true,"background":"#919191","text_color":"#ffffff","title":"Aanbevolen producten","content":"Bekijk onze aanbevolen dakbedekking, toebehoren en onze hoogwaardige kwaliteit EPDM pakketten. Bij Rooftopshop ben je gegarandeerd van de beste kwaliteit.","button_background":"#e6332a","button_text_color":"#ffffff","button_text":"Bekijk alle producten","button_link":"shopify:\/\/collections\/all"}}},"order":["main","130251f0-1046-470e-8ae3-ecc335e5a32b","212c1fdd-7787-4384-ad9a-5fe1d31f5724","983b382a-3538-4783-abde-ea49bf29788d"]}