{"sections":{"main":{"type":"main-page","settings":{}},"49c51cca-2038-4a4f-9113-39a5411ac94f":{"type":"image-with-text","settings":{"image":"shopify:\/\/shop_images\/shutterstock_1664316538_44d41a5a-aefd-4677-82ec-68cb56676ddd.jpg","image_position":"left","image_width":50,"title":"Onze Montagehandleidingen","content":"<p>Ontdek onze uitgebreide collectie handleidingen waarin je stapsgewijze instructies en handige tips vindt voor diverse projecten. Of je nu EPDM dakbedekking wilt monteren, een stads- of onderuitloop wilt plaatsen, een daktrim wilt bevestigen of PIR isolatieplaten wilt aanbrengen, hier vind je alles wat je nodig hebt. <\/p>","button_text":"","button_link":""}},"6b3ccd39-019a-4bb8-97b3-9c0a375cae7c":{"type":"offers","blocks":{"template--19164264563030__6b3ccd39-019a-4bb8-97b3-9c0a375cae7c-168794206214b15535-0":{"type":"offer","settings":{"title":"Leren bij Rooftopshop","content":"<p>Bij Rooftopshop kan je niet alleen dakbenodigdheden kopen maar je kan ook meer te weten komen over het installeren van EPDM, PIR isolatie, dakdoorvoeren en meer.<\/p>"}},"template--19164264563030__6b3ccd39-019a-4bb8-97b3-9c0a375cae7c-168794206214b15535-1":{"type":"offer","settings":{"title":"Leg je eigen dak!","content":"<p>Ontdek hoe gemakkelijk je zelf je eigen dak kunt leggen met behulp van de eenvoudige en betrouwbare handleidingen van Rooftopshop. Bekijk nu onze handleidingen en bespaar op de kosten van een dakdekker.<\/p>"}}},"block_order":["template--19164264563030__6b3ccd39-019a-4bb8-97b3-9c0a375cae7c-168794206214b15535-0","template--19164264563030__6b3ccd39-019a-4bb8-97b3-9c0a375cae7c-168794206214b15535-1"],"settings":{"items_per_row":2,"stack_mobile":false}},"2d766b2c-7a27-4022-9fb1-8af1fb0d4591":{"type":"promotion-list","blocks":{"template--19138349007190__2d766b2c-7a27-4022-9fb1-8af1fb0d4591-168776617010c1d346-0":{"type":"item","settings":{"image":"shopify:\/\/shop_images\/dakdekker-epdm-dakbedekking_2d7d8037-9429-4619-a07d-1b65b839641b.jpg","show_overlay":true,"overlay_opacity":80,"stretch_image":true,"background":"#e6332a","text_color":"#ffffff","title":"Montagehandleiding EPDM","content":"<p>Monteer EPDM dakbedekking moeiteloos met behulp van deze handige handleiding. Krijg stapsgewijze instructies en handige tips door middel van de complete handleiding.<\/p>","content_position":"top_left","button_background":"#e6332a","button_text_color":"#ffffff","button_text":"Montagehandleiding EPDM","button_link":"shopify:\/\/pages\/montagehandleiding-epdm"}},"template--19138349007190__2d766b2c-7a27-4022-9fb1-8af1fb0d4591-168776617010c1d346-1":{"type":"item","settings":{"image":"shopify:\/\/shop_images\/shutterstock_1664316538_47ccd94d-dba6-45b5-a654-2aeae5399362.jpg","show_overlay":true,"overlay_opacity":80,"stretch_image":true,"background":"#000000","text_color":"#ffffff","title":"Montagehandleiding Daktrim","content":"<p>Bekijk onze handleiding en ontdek hoe je een daktrim installeert voor een nette afwerking van je dak. Volg onze stapsgewijze instructies met handige tips.<\/p>","content_position":"top_left","button_background":"#e6332a","button_text_color":"#ffffff","button_text":"Montagehandleiding Daktrim","button_link":"shopify:\/\/pages\/montagehandleiding-epdm-daktrim"}},"template--19138349007190__2d766b2c-7a27-4022-9fb1-8af1fb0d4591-168776617010c1d346-2":{"type":"item","settings":{"image":"shopify:\/\/shop_images\/Dakenshop-Banners-EPDM-Stadsuitloop-Inwerken-o1.jpg","show_overlay":true,"overlay_opacity":80,"stretch_image":true,"background":"#ff0000","text_color":"#ffffff","title":"Montagehandleiding Stadsuitloop","content":"<p>Ontdek stapsgewijze instructies en nuttige tips om een EPDM stadsuitloop succesvol te integreren in je EPDM dak voor een efficiënte afvoer van regenwater. <\/p>","content_position":"top_left","button_background":"#e6332a","button_text_color":"#ffffff","button_text":"Montagehandleiding Stadsuitloop","button_link":"shopify:\/\/pages\/montagehandleiding-stadsuitloop"}},"6661201b-1d77-499b-8aef-f77dd4d2d682":{"type":"item","settings":{"image":"shopify:\/\/shop_images\/Dakenshop-Blog-1-September-2020-o1.jpg","show_overlay":true,"overlay_opacity":80,"stretch_image":true,"background":"#000000","text_color":"#ffffff","title":"Montagehandleiding Onderuitloop","content":"<p>Hier vind je gedetailleerde instructies en nuttige tips om een EPDM onderuitloop op je platte dak te plaatsen, waardoor je een optimale waterafvoer kunt realiseren. <\/p>","content_position":"top_left","button_background":"#e6332a","button_text_color":"#ffffff","button_text":"Montagehandleiding Onderuitloop","button_link":"shopify:\/\/pages\/montagehandleiding-onderuitloop"}},"0e9cd321-9fa5-4020-9445-5d6aea14e77b":{"type":"item","settings":{"image":"shopify:\/\/shop_images\/img_7257.webp","show_overlay":true,"overlay_opacity":80,"stretch_image":true,"background":"#000000","text_color":"#ffffff","title":"Montagehandleiding PIR","content":"<p>Volg deze gedetailleerde instructies en praktische tips om PIR isolatieplaten op de juiste manier te bevestigen voor een efficiënte isolatie van je muur, dakbeschot of plat dak. Raadpleeg de handleiding hier voor stapsgewijze instructies en handige adviezen.<\/p>","content_position":"top_left","button_background":"#e6332a","button_text_color":"#ffffff","button_text":"Montagehandleiding PIR Isolatie","button_link":"shopify:\/\/pages\/montagehandleiding-pir"}}},"block_order":["template--19138349007190__2d766b2c-7a27-4022-9fb1-8af1fb0d4591-168776617010c1d346-0","template--19138349007190__2d766b2c-7a27-4022-9fb1-8af1fb0d4591-168776617010c1d346-1","template--19138349007190__2d766b2c-7a27-4022-9fb1-8af1fb0d4591-168776617010c1d346-2","6661201b-1d77-499b-8aef-f77dd4d2d682","0e9cd321-9fa5-4020-9445-5d6aea14e77b"],"settings":{"expand_items":true,"section_size":"medium","stack_mobile":false}}},"order":["main","49c51cca-2038-4a4f-9113-39a5411ac94f","6b3ccd39-019a-4bb8-97b3-9c0a375cae7c","2d766b2c-7a27-4022-9fb1-8af1fb0d4591"]}