{"sections":{"main":{"type":"main-page","settings":{}},"contact-form":{"type":"contact-form","settings":{"form_heading":"","form_content":"","show_store_info":true,"store_heading":"","store_info":"<p><strong>Rooftopshop<br\/><\/strong>Het Arsenaal 32B<br\/>1781 XP Den Helder<br\/>T: <a href=\"tel:0850600649\" target=\"_blank\" title=\"Call 0850600649 with 3CX Click to Call\">085 - 060 06 49<br\/><\/a>E: <a href=\"mailto:info@rooftopshop.nl\" target=\"_blank\" title=\"E-mail Rooftopshop\">info@rooftopshop.nl<\/a><br\/><\/p><p>KvK: 76950662<br\/>BTW-id: NL860850924B01<br\/>IBAN: NL43 RABO 0354 7244 01<\/p>"}},"7c29277a-cf44-44a6-a036-ffe41be38efb":{"type":"blog-posts","settings":{"blog":"nieuws","blog_posts_count":3,"title":"De blogs van Rooftopshop","link_title":"Bekijk alle blogs","show_category":true,"show_author":true,"show_date":true,"show_excerpt":false,"stack_mobile":false}},"f71de836-a327-4706-a0ed-13def0395970":{"type":"featured-collection","settings":{"collection":"meest-verkocht","title":"Aanbevolen voor jou","products_count":12,"layout":"vertical","stack_products":false,"show_quick_buy":false,"link_title":"","link_url":""}}},"order":["main","contact-form","7c29277a-cf44-44a6-a036-ffe41be38efb","f71de836-a327-4706-a0ed-13def0395970"]}