{"sections":{"main":{"type":"main-page","settings":{}},"f3a78c8b-f616-4dfe-a8e0-8f1a2092af3e":{"type":"image-with-text","settings":{"image":"shopify:\/\/shop_images\/2018-08-03_1280x720_022faa7c.jpg","image_position":"right","image_width":50,"title":"Zakelijke relatie?","content":"<p>Bij Rooftopshop kun je als <strong>zakelijke klant<\/strong> rekenen op een breed assortiment dakmaterialen en toebehoren van hoge kwaliteit. Met een gebruiksvriendelijke online winkelomgeving en speciale prijzen voor zakelijke klanten, bieden wij een efficiënt bestelproces. Ons team staat klaar om deskundig advies te geven en jouw bestelling snel te verwerken, zodat je je kunt richten op je klanten & werkzaamheden.<\/p>","button_text":"Kom in contact","button_link":"\/pages\/klantenservice"}},"4b64b93c-9162-425b-bd87-314cb6bd02e2":{"type":"offers","blocks":{"template--19176835449174__4b64b93c-9162-425b-bd87-314cb6bd02e2-1687950605d4a59b99-1":{"type":"offer","settings":{"title":"EPDM Groothandel","content":"<p>Rooftopshop is een toonaangevende groothandel die gespecialiseerd is in hoogwaardige <a href=\"\/collections\/epdm-dakbedekking\" title=\"\/collections\/epdm-dakbedekking\">EPDM producten voor dakbedekking<\/a>. Met ons uitgebreide assortiment bieden wij betrouwbare oplossingen voor professionals in de branche. <\/p><p>Of je nu op zoek bent naar <strong>EPDM membramen<\/strong>, lijmen, primers of andere toebehoren, bij ons vind je alles wat je nodig hebt. Onze ervaren accountmanagers staan klaar om je te adviseren en te ondersteunen bij het vinden van de juiste producten voor ieder project. Neem vandaag nog contact op met je eigen accountmanager en ontdek hoe Rooftopshop jou kan helpen bij het realiseren van succesvolle EPDM dakprojecten.<\/p>"}},"template--19176835449174__4b64b93c-9162-425b-bd87-314cb6bd02e2-1687950605d4a59b99-0":{"type":"offer","settings":{"title":"Daktrim Groothandel","content":"<p><strong>Rooftopshop <\/strong>is niet alleen een vooraanstaande groothandel in EPDM, maar ook een toonaangevende leverancier van <a href=\"\/collections\/daktrimmen\" title=\"\/collections\/daktrimmen\">daktrimmen <\/a>en toebehoren. Met ons uitgebreide assortiment hoogwaardige daktrimmen zijn wij dé bestemming voor professionele dakdekkers, hoveniers en bouwbedrijven. <\/p><p>Onze ruime selectie biedt diverse opties om aan de specifieke behoeften van elk project te voldoen. Of je nu op zoek bent naar standaard daktrimmen, hoekstukken, verbindingsstukken of andere accessoires, bij Rooftopshop vind je wat je nodig hebt. Neem vandaag nog contact met ons op en ontdek hoe wij je kunnen helpen bij het realiseren van hoogwaardige dakafwerkingen.<\/p>"}}},"block_order":["template--19176835449174__4b64b93c-9162-425b-bd87-314cb6bd02e2-1687950605d4a59b99-1","template--19176835449174__4b64b93c-9162-425b-bd87-314cb6bd02e2-1687950605d4a59b99-0"],"settings":{"items_per_row":2,"stack_mobile":false}},"7e306714-146f-4f8f-bb72-11e0c86529a2":{"type":"image-with-text","settings":{"image":"shopify:\/\/shop_images\/Zonder_titel_2160_x_720_px.jpg","image_position":"left","image_width":50,"title":"Een offerte aanvragen?","content":"<p>Vraag nu een offerte aan bij Rooftopshop voor hoogwaardige dakmaterialen en accessoires. Wij zorgen voor een efficiënt bestelproces en deskundig advies voor jouw project.<\/p>","button_text":"Ja, ik wil een offerte hebben","button_link":"shopify:\/\/pages\/offerte-aanvragen"}},"181c7357-a23f-4fe2-837f-0c563242a8a8":{"type":"faq","blocks":{"template--19176835449174__181c7357-a23f-4fe2-837f-0c563242a8a8-1687950643e6a57c32-0":{"type":"separator","settings":{"title":"Zakelijke vraag?"}},"template--19176835449174__181c7357-a23f-4fe2-837f-0c563242a8a8-1687950643e6a57c32-1":{"type":"question","settings":{"title":"Wanneer kom ik in aanmerking om op factuur te betalen?","answer":"<p>Om in aanmerking moet je aan onderstaande eisen voldoen:<br\/><br\/>- Beschikken over een relevant KvK-nummer.<br\/>- Je moet beschikken over een geldig BTW-id.<\/p><p>Op factuur betalen kan vanaf de tweede bestelling. Bij de eerste bestelling vragen wij een vooruitbetaling.<\/p>"}},"template--19176835449174__181c7357-a23f-4fe2-837f-0c563242a8a8-1687950643e6a57c32-2":{"type":"question","settings":{"title":"Kan ik een zakelijke korting ontvangen? ","answer":"<p>Afhankelijk van herhalende afnames is het mogelijk om een zakelijke korting te ontvangen. Hiervoor kan je het beste een verzoek indienen per e-mail aan <a href=\"mailto:info@rooftopshop.nl\" target=\"_blank\"><span style=\"text-decoration:underline\">info@rooftopshop.nl<\/span><\/a>. <\/p>"}},"template--19176835449174__181c7357-a23f-4fe2-837f-0c563242a8a8-1687950643e6a57c32-3":{"type":"question","settings":{"title":"Wat zijn de levertijden voor zakelijke klanten?","answer":"<p>De levertijden verschillen per product. Een indicatie van de levertijd tref je aan in de artikelomschrijving. Wanneer je meerdere artikelen hebt besteld kan je uitgaan van het artikel met de meeste levertijd. <\/p><p>Soms wil het voorkomen dat Rooftopshop jouw bestelling in twee leveringen bezorgd om ervoor te zorgen dat je nooit te lang op de artikelen hoeft te wachten.<\/p><p>We doen alles we kunnen om onze zakelijke relaties een snelle en efficiënte levering te bieden.<\/p>"}}},"block_order":["template--19176835449174__181c7357-a23f-4fe2-837f-0c563242a8a8-1687950643e6a57c32-0","template--19176835449174__181c7357-a23f-4fe2-837f-0c563242a8a8-1687950643e6a57c32-1","template--19176835449174__181c7357-a23f-4fe2-837f-0c563242a8a8-1687950643e6a57c32-2","template--19176835449174__181c7357-a23f-4fe2-837f-0c563242a8a8-1687950643e6a57c32-3"],"settings":{"show_contact_info":true,"contact_info_heading":"Heb je een andere vraag?","contact_info_text":"<p>Mocht je antwoord hier niet tussen staan neem dan contact op met onze klantenservice.<\/p>","contact_1_icon":"bi-phone","contact_1_heading":"Telefonische support","contact_1_text":"<p><a href=\"tel:085-0600649\" title=\"085-0600649\">085-060 06 49<\/a><\/p>","contact_2_icon":"bi-email","contact_2_heading":"Mail ons","contact_2_text":"<p><a href=\"mailto:info@rooftopshop.nl\" title=\"info@rooftopshop.nl\">info@rooftopshop.nl<\/a><\/p>"}},"9e5f0a6b-ba76-4073-b2cb-d72ee6fdb510":{"type":"quick-links","blocks":{"template--19176835449174__9e5f0a6b-ba76-4073-b2cb-d72ee6fdb510-1687960164d6355bb9-0":{"type":"link","settings":{"title":"Offerte","link":"shopify:\/\/pages\/offerte-aanvragen"}},"template--19176835449174__9e5f0a6b-ba76-4073-b2cb-d72ee6fdb510-1687960164d6355bb9-1":{"type":"link","settings":{"title":"Contact","link":"shopify:\/\/pages\/klantenservice"}},"template--19176835449174__9e5f0a6b-ba76-4073-b2cb-d72ee6fdb510-1687960164d6355bb9-2":{"type":"link","settings":{"title":"Eigen vertegenwordiger","link":"tel:0682051237"}},"template--19176835449174__9e5f0a6b-ba76-4073-b2cb-d72ee6fdb510-1687960164d6355bb9-3":{"type":"link","settings":{"title":"Voorwaarden zakelijk","link":""}}},"block_order":["template--19176835449174__9e5f0a6b-ba76-4073-b2cb-d72ee6fdb510-1687960164d6355bb9-0","template--19176835449174__9e5f0a6b-ba76-4073-b2cb-d72ee6fdb510-1687960164d6355bb9-1","template--19176835449174__9e5f0a6b-ba76-4073-b2cb-d72ee6fdb510-1687960164d6355bb9-2","template--19176835449174__9e5f0a6b-ba76-4073-b2cb-d72ee6fdb510-1687960164d6355bb9-3"],"settings":{"title":"Handige linkjes","expand_items":true,"show_desktop":true,"link_title":"","link":""}}},"order":["main","f3a78c8b-f616-4dfe-a8e0-8f1a2092af3e","4b64b93c-9162-425b-bd87-314cb6bd02e2","7e306714-146f-4f8f-bb72-11e0c86529a2","181c7357-a23f-4fe2-837f-0c563242a8a8","9e5f0a6b-ba76-4073-b2cb-d72ee6fdb510"]}