{"sections":{"main":{"type":"main-page","settings":{}},"team":{"type":"team","blocks":{"separator-1":{"type":"separator","settings":{"title":"Our team"}},"member-1":{"type":"member","settings":{"title":"John D.","subheading":"CEO","link":"mailto:john@test.com","link_title":"Your link"}},"member-2":{"type":"member","settings":{"title":"Emily H.","subheading":"CTO","link":"mailto:emily@test.com","link_title":"Your link"}}},"block_order":["separator-1","member-1","member-2"],"settings":{"round_image":true}}},"order":["main","team"]}