{"sections":{"main":{"type":"main-page","settings":{}},"image_with_text_gCa9M3":{"type":"image-with-text","settings":{"image":"shopify:\/\/shop_images\/vijferfolie1.jpg","image_position":"right","image_width":50,"title":"Ideaal voor in de tuin","content":"<p>Ben jij op zoek naar <strong>EPDM vijverfolie<\/strong>? Een vijer met EPDM heeft een aantal unieke voordelen. Waaronder:<\/p><ul><li>Soepel en elastisch <\/li><li>Zeer sterk en goed verwerkbaar <\/li><li>100% ecologisch <\/li><li>UV-bestendig <\/li><li>Levensduur tot 20 jaar <\/li><\/ul>","button_text":"","button_link":""}},"image_with_text_gAiTcA":{"type":"image-with-text","settings":{"image":"shopify:\/\/shop_images\/Afbeelding_van_WhatsApp_op_2023-06-05_om_12.21.15.jpg","image_position":"left","image_width":50,"title":"EPDM membranen","content":"<p>Ons assortiment bestaat uit hoge kwaliteit EPDM vijverfolie, dit is een zeer exclusieve folie die UV-bestendig is, een lange levensduur heeft en zeer elastisch is. <\/p><p>De EPDM vijverfolie is volledig 3-dimensionaal op maat te maken in elke gewenste vorm en afmeting. De membranen bestaan uit topkwaliteit Europees EPDM en zijn beschikbaar in verschillende diktes.<\/p><p>Aan de EPDM membranen worden zeer hoge eisen gesteld. Dit vanwege UV, wisselende temperaturen en bacteriën. Het is van <strong>belang <\/strong>voor de installatie de bodem te controleren, indien deze <span style=\"text-decoration:underline\">niet<\/span> uit schoon zand bestaat, dein je een beschermvlies onder aan te brengen.<\/p>","button_text":"","button_link":""}},"offers_GTcfdc":{"type":"offers","blocks":{"offer_ihii4z":{"type":"offer","settings":{"title":"Waarvoor EPDM vijverfolie? ","content":"<p>EPDM vijverfolie is te gebruiken in veel soorten en maten vijvers. Of je er nu zelf in wilt zwemmen of een vijver gaat aanleggen voor de vissen. Enkele voorbeelden waarvoor je <a href=\"https:\/\/roof-top-shop.myshopify.com\/collections\/epdm-dakbedekking\">EPDM<\/a> kan gebruiken zijn: <\/p><ul><li>Siervijvers<\/li><li>Zwemvijvers<\/li><li>Koivijvers <\/li><li>Tuinvijvers <\/li><li>Strakke vijvers <\/li><\/ul>"}},"offer_EqeBnJ":{"type":"offer","settings":{"title":"Belangrijke factoren","content":"<p>Het is belangrijk dat je let op:<\/p><ul><li>De ondergrond (schoon zand of beschermvlies aanbrengen)<\/li><li>Toevoegingen van reinigingsproducten, chemicaliën en andere ziektebestrijders (niet doen, resistentielijst op aanvraag)<\/li><li>Tekeningen: zelf aanleveren<\/li><\/ul>"}}},"block_order":["offer_ihii4z","offer_EqeBnJ"],"settings":{"items_per_row":2,"stack_mobile":true}},"contact_form_64G4Qn":{"type":"contact-form","settings":{"form_heading":"Vraag een offerte aan bij Rooftopshop ","form_content":"<p>Door specifiek maatwerk kan je niet 1,2,3 in onze webshop EPDM vijverfolie bestellen. Hiervoor dien je een offerte aan te vragen. Laat in deze offerte weten at precies je wensen zijn voor een 2 of 3-dimensionale vijver.<\/p>","show_store_info":false,"store_heading":"Find us","store_info":""}},"slideshow_NtYBnP":{"type":"slideshow","blocks":{"image_qiCePD":{"type":"image","settings":{"image":"shopify:\/\/shop_images\/vijferfolie.jpg","show_overlay":false,"overlay_opacity":30,"text_color":"#ffffff","title":"","content":"","content_position":"middle_center","button_background":"#ffffff","button_text_color":"#000000","button_text":"Button","link":""}},"image_4AWYKf":{"type":"image","settings":{"image":"shopify:\/\/shop_images\/vijferfolie1.jpg","show_overlay":false,"overlay_opacity":30,"text_color":"#ffffff","title":"","content":"","content_position":"middle_center","button_background":"#ffffff","button_text_color":"#000000","button_text":"Button","link":""}},"image_tJqiXX":{"type":"image","settings":{"image":"shopify:\/\/shop_images\/vijferfolie2_1.jpg","show_overlay":false,"overlay_opacity":30,"text_color":"#ffffff","title":"","content":"","content_position":"middle_center","button_background":"#ffffff","button_text_color":"#000000","button_text":"Button","link":""}},"image_UWafzg":{"type":"image","settings":{"image":"shopify:\/\/shop_images\/vijferfolie2_2.jpg","show_overlay":false,"overlay_opacity":30,"text_color":"#ffffff","title":"","content":"","content_position":"middle_center","button_background":"#ffffff","button_text_color":"#000000","button_text":"Button","link":""}}},"block_order":["image_qiCePD","image_4AWYKf","image_tJqiXX","image_UWafzg"],"settings":{"edge_to_edge":false,"section_size":"small","carousel_effect":"slide","autoplay":true,"cycle_speed":4}}},"order":["main","image_with_text_gCa9M3","image_with_text_gAiTcA","offers_GTcfdc","contact_form_64G4Qn","slideshow_NtYBnP"]}