{"sections":{"main":{"type":"main-page","settings":{}},"image_with_text_overlay_Pr4X9f":{"type":"image-with-text-overlay","settings":{"image":"shopify:\/\/shop_images\/img_7257.webp","title":"Over Rooftopshop ","content":"<p>Rooftopshop is een toonaangevende groothandel in EPDM producten en daktrimmen. Wij zijn trots op onze uitgebreide kennis en ervaring op dit gebied. Onze producten voldoen aan de <strong>hoogste kwaliteitsnormen<\/strong> en we streven ernaar om altijd de beste oplossingen te bieden aan onze klanten.<\/p>","show_image_overlay":true,"color":"#ffffff"}},"4e41cfaa-e786-4c6f-a2bf-0c35652c9607":{"type":"image-with-text","settings":{"image":"shopify:\/\/shop_images\/6532431a769b1188055b60c1_teamwork-concept-on-the-brown-wooden-table-background.jpg","image_position":"right","image_width":55,"title":"Ons Team - Rooftopshop","content":"<p>Bij Rooftopshop hebben we een enthousiast en bekwaam team dat zich elke dag inzet voor het leveren van de beste producten en service aan onze klanten!<\/p>","button_text":"","button_link":"shopify:\/\/collections\/all"}},"offers_Gn6kk3":{"type":"offers","blocks":{"offer_rbqFKh":{"type":"offer","settings":{"title":"EPDM Groothandel ","content":"<p>Rooftopshop is een groothandel <strong>gespecialiseerd in EPDM<\/strong>. Met een uitgebreid assortiment van hoogwaardige EPDM producten voor dakbedekking, bieden wij betrouwbare oplossingen voor zowel professionals als doe-het-zelvers. Onze ruime voorraad en snelle levering maken het gemakkelijk om aan de behoeften van elk project te voldoen. Vertrouw op Rooftopshop voor kwalitatieve EPDM-producten en uitstekende service.<\/p>"}},"offer_kLr6Hf":{"type":"offer","settings":{"title":"Groothandel in dakranden","content":"<p>Rooftopshop is niet alleen een groothandel in EPDM, maar tevens een toonaangevende <strong>daktrim groothandel<\/strong>. We bieden een breed assortiment aan hoogwaardige <a href=\"\/collections\/daktrimmen\" title=\"Daktrim van Rooftopshop\">daktrimmen<\/a> en accessoires, waardoor wij dé bestemming zijn voor professionele dakdekkers en bouwbedrijven. Met onze uitgebreide productaanbod, expertise en betrouwbare service, is Rooftopshop de ideale partner voor het vinden van de perfecte daktrimoplossingen voor elk project. Vertrouw op Rooftopshop als jouw betrouwbare daktrimgroothandel.<\/p>"}}},"block_order":["offer_rbqFKh","offer_kLr6Hf"],"settings":{"items_per_row":2,"stack_mobile":false}},"promotion_list_xQPTQ3":{"type":"promotion-list","blocks":{"item_p3peR6":{"type":"item","settings":{"image":"shopify:\/\/shop_images\/Schermafbeelding-2018-02-21-om-13.13.00.png","show_overlay":true,"overlay_opacity":92,"stretch_image":true,"background":"#000000","text_color":"#ffffff","title":"Onze missie","content":"<p>Wij als Rooftopshop willen het dak met al haar complexiteiten in aanbreng maar ook in artikelen zo simpel maken dat het voor iedereen bereikbaar wordt. Een dak boven je hoofd is een eerste levensbehoefte.<\/p>","content_position":"top_left","button_background":"#ffffff","button_text_color":"#6f42ef","button_text":"","button_link":""}},"item_QwDpWL":{"type":"item","settings":{"image":"shopify:\/\/shop_images\/visie.png_1000x1000_nocrop.jpg","show_overlay":true,"overlay_opacity":100,"stretch_image":true,"background":"#000000","text_color":"#ffffff","title":"Onze visie","content":"<p>De visie van Rooftopshop is het creëren van goed assortiment met hoogwaardige producten die prijstechnisch voor iedereen haalbaar zijn. Hierbij is goede service een pré, wij helpen je graag altijd en overal.<\/p>","content_position":"top_left","button_background":"#ffffff","button_text_color":"#fc2a68","button_text":"","button_link":""}}},"block_order":["item_p3peR6","item_QwDpWL"],"settings":{"expand_items":true,"section_size":"small","stack_mobile":false}},"02fc0d2e-54aa-43ea-b0b3-59ed8907964b":{"type":"image-with-text","settings":{"image":"shopify:\/\/shop_images\/Ontwerp_zonder_titel_3.png","image_position":"right","image_width":50,"title":"Maatschappelijk Verantwoord Ondernemen","content":"<p>MVO is een integraal onderdeel van onze bedrijfsvoering. We zetten ons in om duurzame praktijken te implementeren, zoals het gebruik van milieuvriendelijke materialen en het minimaliseren van ons energieverbruik. We streven naar een positieve impact op het milieu en streven naar een groenere toekomst voor de bouwsector.<\/p><p><strong>Bedankt voor het kiezen van Rooftopshop.<\/strong> We kijken ernaar uit om met jou samen te werken en jou te voorzien van de beste <a href=\"\/collections\/epdm-dakbedekking\" title=\"EPDM Dakbedekking\">EPDM<\/a> producten en daktrimmen voor jouw projecten. Neem gerust contact met ons op als je vragen hebt of meer informatie nodig hebt.<\/p>","button_text":"","button_link":"shopify:\/\/collections\/all"}}},"order":["main","image_with_text_overlay_Pr4X9f","4e41cfaa-e786-4c6f-a2bf-0c35652c9607","offers_Gn6kk3","promotion_list_xQPTQ3","02fc0d2e-54aa-43ea-b0b3-59ed8907964b"]}