{"sections":{"main":{"type":"main-page","settings":{}},"a88d1ac3-9aa5-44d2-9bfe-4564e5b76137":{"type":"rich-text","custom_css":[],"settings":{"text_width":"narrow","title":"","content":"\u003cp\u003eRooftopshop verkoopt verschillende soorten daktrimmen. Op deze pagina leggen wij uit welke daktrim voor jou geschikt is. Naast de vele soorten daktrimmen, verkopen we ook diverse maatvoeringen. Bekijk ons complete assortiment om de beste keuze voor jouw dak te maken! \u003c\/p\u003e","button_text":"","button_link":""}},"b746ec0f-e090-4f1b-ad06-0656f8f99ef5":{"type":"image-with-text","settings":{"image":"shopify:\/\/shop_images\/daktrimmen_2.png","image_position":"left","image_width":50,"title":"Doe-Het-Zelf daktrim","content":"\u003cp\u003eBen je op zoek naar een snelle en gemakkelijke manier om je dak de perfecte afwerking te geven? Kies dan voor de speciaal ontworpen \u003ca href=\"https:\/\/www.rooftopshop.nl\/products\/doe-het-zelf-daktrim\" target=\"_blank\" title=\"Doe-Het-Zelf Daktrim 57 x 45\"\u003edaktrim van Rooftopshop\u003c\/a\u003e. Te gebruiken op \u003cspan style=\"text-decoration:underline\"\u003ealleen\u003c\/span\u003e EPDM. \u003c\/p\u003e\u003cp\u003eMet deze innovatieve dakafwerkingsoplossing zorg je ervoor dat je dak niet alleen beschermd is, maar er ook strak en verzorgd uitziet.\u003c\/p\u003e","button_text":"Ontdek deze daktrim","button_link":"shopify:\/\/products\/doe-het-zelf-daktrim"}},"d190fb3c-d3d5-4894-8af6-e433faa9d0f1":{"type":"image-with-text","settings":{"image":"shopify:\/\/shop_images\/daktrimmen_3.png","image_position":"right","image_width":50,"title":"Daktrim Universeel","content":"\u003cp\u003eDe \u003ca href=\"https:\/\/www.rooftopshop.nl\/collections\/daktrim-universeel\" target=\"_blank\"\u003euniversele daktrim\u003c\/a\u003e is toepasbaar op bitumen en EPDM daken.\u003c\/p\u003e\u003cp\u003eOp een bitumen dak wordt de dakbedekking over het horizontale geribbelde brandvlak bevestigd voor de montage. \u003c\/p\u003e\u003cp\u003eBij een EPDM dak monteer je de daktrim door deze erop te lijmen. Je gebruikt \u003ca href=\"https:\/\/www.rooftopshop.nl\/collections\/epdm-lijm-kit\/products\/epdm-ms-polymeer-kit-290ml\" target=\"_blank\"\u003eMS Polymeer kit\u003c\/a\u003e om de onderkant van het horizontale geribbeld vlak te verlijmen op de dakbedekking. Daarnaast moeten de daktrimmen vast worden geschroefd op het dak met \u003ca href=\"https:\/\/www.rooftopshop.nl\/collections\/schroeven\/products\/daktrimschroef-rvs-met-neopreen-ring\" target=\"_blank\"\u003edaktrimschroeven\u003c\/a\u003e. Wij adviseren negen schroeven per daktrim en vier schroeven per hoek. Het is aan te raden de daktrimmen voor montage voor te boren.\u003c\/p\u003e","button_text":"","button_link":""}},"ad7874f3-0b3e-491e-ab2e-687c9b9f924d":{"type":"image-with-text","settings":{"image":"shopify:\/\/shop_images\/daktrimmen_4.png","image_position":"left","image_width":50,"title":"Daktrim EPDM","content":"\u003cp\u003eDe \u003ca href=\"https:\/\/www.rooftopshop.nl\/collections\/daktrim-epdm\" target=\"_blank\"\u003edaktrimmen voor EPDM \u003c\/a\u003ezijn speciaal gemaakt voor EPDM (en ook PVC en TPO) daken. De daktrimmen zijn voorzien van een ingeplakte strook kroonbandrubber voor een waterdichte aansluiting op de dakbedekking. De daktrimmen worden voorgeboord geleverd met voldoende schroeven met waterdichte sluitringen. Het gebruik van kit is niet nodig.\u003c\/p\u003e","button_text":"EPDM Daktrimmen","button_link":"shopify:\/\/collections\/daktrim-epdm"}},"6e712f99-0757-46b6-a6aa-181b1dd6fa67":{"type":"image-with-text","settings":{"image":"shopify:\/\/shop_images\/daktrimmen_5.png","image_position":"right","image_width":50,"title":"Kraaltrimmen","content":"\u003cp\u003eEen kraaltrim is een daktrim waarbij het verticale zichtvlak niet recht is, maar in een ronding loopt. Hierdoor krijg je een ronde dakrandafwerking. De meeste mensen kiezen dit voor een sierlijk effect.\u003c\/p\u003e\u003cp\u003eDe kraaltrimmen zijn net als bij 'normale' daktrimmen verkrijgbaar als \u003ca href=\"https:\/\/www.rooftopshop.nl\/collections\/kraaltrim-universeel\" target=\"_blank\"\u003euniversele variant\u003c\/a\u003e en een \u003ca href=\"https:\/\/www.rooftopshop.nl\/collections\/kraaltrim-epdm\" target=\"_blank\"\u003evariant voor EPDM\u003c\/a\u003e.\u003c\/p\u003e","button_text":"","button_link":""}},"af1563d4-c019-4c9e-8de6-adb273e64c37":{"type":"featured-collection","settings":{"collection":"daktrimmen","title":"Uitgelichte daktrimmen","products_count":12,"layout":"vertical","stack_products":false,"show_quick_buy":false,"link_title":"","link_url":""}}},"order":["main","a88d1ac3-9aa5-44d2-9bfe-4564e5b76137","b746ec0f-e090-4f1b-ad06-0656f8f99ef5","d190fb3c-d3d5-4894-8af6-e433faa9d0f1","ad7874f3-0b3e-491e-ab2e-687c9b9f924d","6e712f99-0757-46b6-a6aa-181b1dd6fa67","af1563d4-c019-4c9e-8de6-adb273e64c37"]}