{"sections":{"main":{"type":"main-product","blocks":{"product_meta":{"type":"product_meta","settings":{"show_vendor":false,"show_sku":false,"show_reviews_badge":false,"show_share_buttons":false}},"variant_selector":{"type":"variant_selector","settings":{"selector_mode":"block","color_mode":"color","show_quantity_selector":true,"show_taxes_included":false,"show_inventory_quantity":true,"low_inventory_threshold":0}},"buy_buttons":{"type":"buy_buttons","settings":{"show_payment_button":false,"show_gift_card_recipient":false}},"f082eb4b-3740-4a08-9a6b-85355e2b5266":{"type":"shopify:\/\/apps\/trust-badges-bear\/blocks\/widget\/163a9b59-0ec2-4cb7-bf5c-31408b4a9420","settings":{}},"description":{"type":"description","settings":{"display_mode":"view_more"}},"64d361da-5aa7-4425-bd53-8d8f28216429":{"type":"text","settings":{"content":"<p>✔ <strong>Gratis <\/strong>verzending vanaf 195,-<br\/>✔ <strong>50 jaar<\/strong> garantie op alle producten<br\/>✔ Klantbeoordeling: <strong>4,5 \/ 5<\/strong><\/p>"}},"f8a64a4c-7889-4403-a252-f964acffe067":{"type":"complementary_products","settings":{"title":"Combineren met:","products_count":10,"show_quick_buy":true}}},"block_order":["product_meta","variant_selector","buy_buttons","f082eb4b-3740-4a08-9a6b-85355e2b5266","description","64d361da-5aa7-4425-bd53-8d8f28216429","f8a64a4c-7889-4403-a252-f964acffe067"],"settings":{"image_size":"small","enable_video_looping":false,"enable_image_zoom":false,"zoom_effect":"outside","carousel_effect":"fade"}},"676b5582-0a31-4469-a2f0-3852ca6dcd7e":{"type":"faq","blocks":{"template--19595996660054__676b5582-0a31-4469-a2f0-3852ca6dcd7e-separator-1":{"type":"separator","settings":{"title":"Vragen over EPDM"}},"template--19595996660054__676b5582-0a31-4469-a2f0-3852ca6dcd7e-question-1":{"type":"question","settings":{"title":"Wat is het verschil met Bitumen?","answer":"<p>Beide materialen worden het meest gebruikt voor dakbedekking. Echter zijn er belangrijke verschillen: <\/p><p><strong>1. Het materiaal<\/strong><br\/><span style=\"text-decoration:underline\">EPDM:<\/span> Wordt geproduceerd uit aardolieproducten. Het is flexibel, elastisch en duurzaam. EPDM wordt vaak geleverd in rollen of membranen en is verkrijgbaar in verschillende diktes.<\/p><p><span style=\"text-decoration:underline\">Bitumen:<\/span> Bitumen is een natuurlijk materiaal dat wordt gewonnen uit aardolieraffinaderijen. Het wordt vaak gemodificeerd met kunststoffen om het geschikter te maken voor dakbedekking. <\/p><p><strong>2. Levensduur<br\/><\/strong>EPDM heeft over het algemeen een langere levensduur dan bitumen. EPDM kan wel 50 jaar meegaan (mits goed onderhouden) <\/p><p><strong>3. Installatie<\/strong><br\/>Het monteren van EPDM gebeurd meestal met lijm terwijl met bitumen dit wordt gedaan met behulp van hitte (branden) <\/p><p><strong>4. Onderhoud <br\/><\/strong>Over het algemeen vereist EPDM minder onderhoud dan bitumen. EPDM is bestand tegen uv-straling en kan goed omgaan met temperatuurschommelingen. Bitumen is hier veel gevoeliger voor. <\/p><p><strong>5. Milieuvriendelijkheid<br\/><\/strong>EPDM is veel milieuvriendelijker dan bitumen. EPDM wordt gerecycled en bevat minder schadelijke stoffen. <\/p><p>De productie en verwijdering van bitumen dakbedekking kan milieubelastender zijn vanwege het gebruik van aardolieproducten en de moeilijkheid om bitumen te recyclen.<\/p><p><strong>Conclusie: <br\/><\/strong>De keuze tussen EPDM en bitumen hangt af van verschillende factoren, waaronder budget, klimaat, gewenste levensduur en installatievereisten. Het is raadzaam om met een professioneel adviseur te overleggen om te bepalen welk type dakbedekking het meest geschikt is voor jouw specifieke situatie.<\/p><p><\/p>"}},"template--19595996660054__676b5582-0a31-4469-a2f0-3852ca6dcd7e-question-2":{"type":"question","settings":{"title":"Wat is de levertijd van EPDM?","answer":"<p>De levertijd kan erg variëren. Meestal is dit rond de 3 werkdagen. Wanneer jij de bestelling hebt geplaats gaan wij direct aan de slag om de juiste maten voor je te snijden. Je ontvangt altijd een bevestiging in je mail.<\/p><p>Wanneer jij een grote bestelling plaatst kan het zijn dat de levering iets langer duurt dan dat je van ons gewend bent. <\/p><p>Voor vragen over de levertijd van jouw bestelling, kun je contact opnemen met onze klantenservice.<\/p>"}},"template--19595996660054__676b5582-0a31-4469-a2f0-3852ca6dcd7e-question-3":{"type":"question","settings":{"title":"Zijn er ook complete pakketten?","answer":"<p>Bij Rooftopshop vinden we gebruiksgemak erg belangrijk. Wij hebben speciale <strong>Alles-in-één <\/strong>pakketten samengesteld.<\/p><p>Onze <a href=\"\/collections\/epdm-pakketten\" title=\"EPDM Pakketten\">EPDM pakketten<\/a> zijn ontworpen met de doe-het-zelver in gedachten. Ze worden geleverd met gedetailleerde instructies en alle benodigde materialen, waardoor de installatie een fluitje van een cent is.<\/p><p>De EPDM pakketten zijn zowel verkrijgbaar in zwart als wit. Maar ook kan je kiezen tussen een onder of -stadsuitloop.<\/p>"}},"template--19595996660054__676b5582-0a31-4469-a2f0-3852ca6dcd7e-question-4":{"type":"question","settings":{"title":"Kan ik advies krijgen?","answer":"<p>Voor een deskundig en persoonlijk advies kan je contact opnemen met de <strong>klantenservice <\/strong>van Rooftopshop. Zij staan 5 dagen in de week klaar om je verder te helpen! <\/p><p>Ben jij een zakelijke klant? <br\/>Elke zakelijke klant krijgt een accountmanager die je in het gehele proces begeleid en adviseert. <\/p><p>Neem voor vragen <a href=\"\/pages\/contact\" title=\"Support\">contact<\/a> met onze deskundigen op. <\/p>"}}},"block_order":["template--19595996660054__676b5582-0a31-4469-a2f0-3852ca6dcd7e-separator-1","template--19595996660054__676b5582-0a31-4469-a2f0-3852ca6dcd7e-question-1","template--19595996660054__676b5582-0a31-4469-a2f0-3852ca6dcd7e-question-2","template--19595996660054__676b5582-0a31-4469-a2f0-3852ca6dcd7e-question-3","template--19595996660054__676b5582-0a31-4469-a2f0-3852ca6dcd7e-question-4"],"settings":{"show_contact_info":false,"contact_info_heading":"Any question?","contact_info_text":"<p>If we still haven't answered your question, you can contact us below and we will get back to you as soon as possible.<\/p>","contact_1_icon":"bi-phone","contact_1_heading":"","contact_1_text":"","contact_2_icon":"bi-email","contact_2_heading":"Send a message","contact_2_text":"<p>Enter your text here<\/p>"}},"product-recommendations":{"type":"product-recommendations","settings":{"heading":"Misschien heb je dit ook nodig?","show_quick_buy":false}},"recently-viewed-products":{"type":"recently-viewed-products","settings":{"title":"Recent bekeken","show_quick_buy":false}}},"order":["main","676b5582-0a31-4469-a2f0-3852ca6dcd7e","product-recommendations","recently-viewed-products"]}