{"sections":{"main":{"type":"main-product","blocks":{"product_meta":{"type":"product_meta","settings":{"show_vendor":true,"show_sku":false,"show_reviews_badge":false,"show_share_buttons":true}},"variant_selector":{"type":"variant_selector","settings":{"selector_mode":"block","color_mode":"color","show_quantity_selector":true,"show_taxes_included":false,"show_inventory_quantity":true,"low_inventory_threshold":0}},"8ad171cd-ddae-4255-929d-cad0f4efa9b3":{"type":"shopify:\/\/apps\/trust-badges-bear\/blocks\/widget\/163a9b59-0ec2-4cb7-bf5c-31408b4a9420","settings":{}},"buy_buttons":{"type":"buy_buttons","settings":{"show_payment_button":false,"show_gift_card_recipient":false}},"description":{"type":"description","settings":{"display_mode":"show_all"}},"f728127c-746a-4c46-bc33-84823531bf75":{"type":"liquid","disabled":true,"settings":{"title":"","liquid":"<br>","display_mode":"show_all"}},"847d5e61-d27a-4fac-ae9c-cf6dd3d6b963":{"type":"text","settings":{"content":"<p>✔ <strong>Gratis <\/strong>verzending vanaf €195,-<br\/>✔ <strong>50 jaar<\/strong> garantie op alle producten<br\/>✔ Klantbeoordeling: <strong>4,5 \/ 5<\/strong><\/p>"}}},"block_order":["product_meta","variant_selector","8ad171cd-ddae-4255-929d-cad0f4efa9b3","buy_buttons","description","f728127c-746a-4c46-bc33-84823531bf75","847d5e61-d27a-4fac-ae9c-cf6dd3d6b963"],"settings":{"image_size":"small","enable_video_looping":false,"enable_image_zoom":true,"zoom_effect":"outside","carousel_effect":"fade"}},"1687772555ed2d9754":{"type":"apps","settings":{"include_margins":true}},"d0803697-63a5-4003-9bb9-e2f1796db3f0":{"type":"featured-collection","settings":{"collection":"epdm-pakketten","title":"Aanbevolen artikelen","products_count":12,"layout":"vertical","stack_products":false,"show_quick_buy":false,"link_title":"View all","link_url":""}}},"order":["main","1687772555ed2d9754","d0803697-63a5-4003-9bb9-e2f1796db3f0"]}