{"sections":{"main":{"type":"main-product","blocks":{"product_meta":{"type":"product_meta","settings":{"show_vendor":false,"show_sku":false,"show_reviews_badge":false,"show_share_buttons":false}},"variant_selector":{"type":"variant_selector","settings":{"selector_mode":"block","color_mode":"color","show_quantity_selector":true,"show_taxes_included":false,"show_inventory_quantity":true,"low_inventory_threshold":0}},"buy_buttons":{"type":"buy_buttons","settings":{"show_payment_button":false,"show_gift_card_recipient":false}},"f082eb4b-3740-4a08-9a6b-85355e2b5266":{"type":"shopify:\/\/apps\/trust-badges-bear\/blocks\/widget\/163a9b59-0ec2-4cb7-bf5c-31408b4a9420","settings":{}},"description":{"type":"description","settings":{"display_mode":"view_more"}},"64d361da-5aa7-4425-bd53-8d8f28216429":{"type":"text","settings":{"content":"<p>✔ <strong>Gratis <\/strong>verzending vanaf 195,-<br\/>✔ <strong>50 jaar<\/strong> garantie op alle producten<br\/>✔ Klantbeoordeling: <strong>4,5 \/ 5<\/strong><\/p>"}},"f8a64a4c-7889-4403-a252-f964acffe067":{"type":"complementary_products","settings":{"title":"Combineren met","products_count":10,"show_quick_buy":true}}},"block_order":["product_meta","variant_selector","buy_buttons","f082eb4b-3740-4a08-9a6b-85355e2b5266","description","64d361da-5aa7-4425-bd53-8d8f28216429","f8a64a4c-7889-4403-a252-f964acffe067"],"settings":{"image_size":"small","enable_video_looping":false,"enable_image_zoom":true,"zoom_effect":"outside","carousel_effect":"fade"}},"d91c5f1d-05a0-49bf-9ab8-35702e916b51":{"type":"custom-html","settings":{"title":"","html":"<h2>Wat is een daktrimschroef?<\/h2>\n<p>Daktrimschroeven zijn schroeven die zijn voorzien van een neopreen ring zodat er geen water langs de schroef kan lopen. Als je gebruik maakt van schroeven met een neopreen ring kan het water niet via het schroefgaatje bij het EPDM Dakbedekking komen, waardoor de kans op lekagge enorm wordt verkleint. <\/p>\n<h2>Hoe werkt een daktrimschroef?<\/h2>\n<p>Je schroeft gemakkelijk de schroef in de <a href=\"https:\/\/www.rooftopshop.nl\/collections\/daktrimmen\" title=\"daktrimmen\">daktrim<\/a> en zo maak je het een stuk meer waterdicht. De EPDM ring (neopreen ring) maakt de schroef geschikt voor gebruik in direct zonlicht. De schroeven zijn gemaakt van roestvrij staal wat corrosie op het dak zal tegengaan. Corrosie kan op lange termijn leiden tot lekkage, behulp van onze RVS daktrimschroef ga je dit tegen. <\/p>\n<h2>Dakmaterialen van Rooftopshop<\/h2>\n<p>Koop je daktrimschroeven bij Rooftopshop en voorkom lekkage in de toekomst. Heb je nog vragen of onzekerheden neem dan gerust contact op met onze klantenservice via info@rooftopshop.nl of bel 085 - 060 649. Wij zijn alle werkdagen van 09:00  tot 17:00 bereikbaar. Koop bij Rooftopshop en profiteer van:<\/p>\n<ul>\n<li>Geen lekkage <\/li>\n<li>Snelle levertijden<\/li>\n<li>Kwalitatieve producten<\/li>\n<\/ul>\n<p><\/p>"}},"product-recommendations":{"type":"product-recommendations","settings":{"heading":"Misschien heb je dit ook nodig?","show_quick_buy":false}},"recently-viewed-products":{"type":"recently-viewed-products","settings":{"title":"Recent bekeken","show_quick_buy":false}}},"order":["main","d91c5f1d-05a0-49bf-9ab8-35702e916b51","product-recommendations","recently-viewed-products"]}