{"sections":{"main":{"type":"main-product","blocks":{"product_meta":{"type":"product_meta","settings":{"show_vendor":false,"show_sku":false,"show_reviews_badge":false,"show_share_buttons":false}},"variant_selector":{"type":"variant_selector","settings":{"selector_mode":"block","color_mode":"color","show_quantity_selector":true,"show_taxes_included":false,"show_inventory_quantity":true,"low_inventory_threshold":0}},"buy_buttons":{"type":"buy_buttons","settings":{"show_payment_button":false,"show_gift_card_recipient":false}},"f082eb4b-3740-4a08-9a6b-85355e2b5266":{"type":"shopify:\/\/apps\/trust-badges-bear\/blocks\/widget\/163a9b59-0ec2-4cb7-bf5c-31408b4a9420","settings":{}},"description":{"type":"description","settings":{"display_mode":"view_more"}},"64d361da-5aa7-4425-bd53-8d8f28216429":{"type":"text","settings":{"content":"<p>✔ <strong>Gratis <\/strong>verzending vanaf 195,-<br\/>✔ <strong>50 jaar<\/strong> garantie op alle producten<br\/>✔ Klantbeoordeling: <strong>4,5 \/ 5<\/strong><\/p>"}},"f8a64a4c-7889-4403-a252-f964acffe067":{"type":"complementary_products","settings":{"title":"Combineren met:","products_count":10,"show_quick_buy":true}},"8fd438e1-dbba-43ba-bcdd-9db2b1a8efc4":{"type":"content","settings":{"title":"Boldraadroosters: Bescherming Tegen Verstoppingen","content":"<p>Boldraadroosters zijn essentiële componenten voor het behoud van een goed functionerend afvoersysteem. Ze dienen als bescherming tegen verstoppingen door bladeren, vuil en ander afval te voorkomen dat in uw dakgoten en regenpijpen terechtkomt. <\/p><p>Bij Rooftopshop bieden we hoogwaardige boldraadroosters aan die eenvoudig te installeren zijn en langdurige bescherming bieden voor uw huis. Voorkom verstoppingen en wateroverlast met onze betrouwbare boldraadroosters. Ontdek vandaag nog de voordelen en bestel de juiste boldraadroosters voor uw behoeften.<\/p>","page":"","display_mode":"show_all"}}},"block_order":["product_meta","variant_selector","buy_buttons","f082eb4b-3740-4a08-9a6b-85355e2b5266","description","64d361da-5aa7-4425-bd53-8d8f28216429","f8a64a4c-7889-4403-a252-f964acffe067","8fd438e1-dbba-43ba-bcdd-9db2b1a8efc4"],"settings":{"image_size":"small","enable_video_looping":false,"enable_image_zoom":true,"zoom_effect":"outside","carousel_effect":"fade"}},"product-recommendations":{"type":"product-recommendations","settings":{"heading":"Misschien heb je dit ook nodig?","show_quick_buy":false}},"recently-viewed-products":{"type":"recently-viewed-products","settings":{"title":"Recent bekeken","show_quick_buy":false}}},"order":["main","product-recommendations","recently-viewed-products"]}