{"sections":{"main":{"type":"main-product","blocks":{"product_meta":{"type":"product_meta","settings":{"show_vendor":true,"show_sku":false,"show_reviews_badge":false,"show_share_buttons":true}},"variant_selector":{"type":"variant_selector","settings":{"selector_mode":"block","color_mode":"color","show_quantity_selector":true,"show_taxes_included":false,"show_inventory_quantity":true,"low_inventory_threshold":0}},"webwinkelkeur_average_rating_7zFw64":{"type":"shopify:\/\/apps\/webwinkelkeur\/blocks\/average-rating\/c3ac2bcb-63f1-40d3-9622-f307cd559ad3","settings":{"review_block_padding_top_bottom":0,"review_block_padding_left_right":0,"review_star_size":18,"review_count_text_size":14,"review_star_color":"#F8B22E","average_ratings_background_color":"#f5f5f5","review_count_text_color":"#000000","hide_empty_stars":false}},"buy_buttons":{"type":"buy_buttons","settings":{"show_payment_button":false,"show_gift_card_recipient":false}},"8ad171cd-ddae-4255-929d-cad0f4efa9b3":{"type":"shopify:\/\/apps\/trust-badges-bear\/blocks\/widget\/163a9b59-0ec2-4cb7-bf5c-31408b4a9420","settings":{}},"description":{"type":"description","settings":{"display_mode":"collapse"}},"f728127c-746a-4c46-bc33-84823531bf75":{"type":"liquid","disabled":true,"settings":{"title":"","liquid":"<br>","display_mode":"show_all"}},"847d5e61-d27a-4fac-ae9c-cf6dd3d6b963":{"type":"text","settings":{"content":""}},"content_DJhTan":{"type":"content","settings":{"title":"test","content":"<p>&lt;a href=\"https:\/\/www.webwinkelkeur.nl\/webshop\/Rooftopshop_1215621\" class=\"webwinkelkeurPopup\" title=\"Webshop Trustmark\" target=\"_blank\"&gt;&lt;img src=\"https:\/\/dashboard.webwinkelkeur.nl\/banners\/5\/1215621\/1699359453.svg\" width=\"32\" height=\"32\" alt=\"Webshop Trustmark\"&gt;&lt;\/a&gt;Kopiëren naar klembord<\/p>","page":"","display_mode":"show_all"}},"webwinkelkeur_product_reviews_Jd6QzK":{"type":"shopify:\/\/apps\/webwinkelkeur\/blocks\/product-reviews\/c3ac2bcb-63f1-40d3-9622-f307cd559ad3","settings":{"review_block_font":"sans-serif","reviews_per_page":5,"review_block_padding_top_bottom":3,"review_block_padding_left_right":6,"review_block_title_text_size":19,"review_block_text_size":14,"review_star_size":18,"review_body_text_size":6,"review_item_border":0.2,"review_space_between":4,"review_block_text_color":"#000000","review_content_color":"#ffffff","review_star_color":"#F8B22E","button_color":"#007bff","button_text_color":"#fff","review_block_background_color":"#f5f5f5","review_border_color":"#f3f3f3","review_help_text_color":"#888"}}},"block_order":["product_meta","variant_selector","webwinkelkeur_average_rating_7zFw64","buy_buttons","8ad171cd-ddae-4255-929d-cad0f4efa9b3","description","f728127c-746a-4c46-bc33-84823531bf75","847d5e61-d27a-4fac-ae9c-cf6dd3d6b963","content_DJhTan","webwinkelkeur_product_reviews_Jd6QzK"],"settings":{"image_size":"small","enable_video_looping":false,"enable_image_zoom":true,"zoom_effect":"outside","carousel_effect":"fade"}},"custom_html_LAKqQC":{"type":"custom-html","settings":{"title":"","html":"<a href=\"https:\/\/www.webwinkelkeur.nl\/webshop\/Rooftopshop_1215621\" class=\"webwinkelkeurPopup\" title=\"Webshop Trustmark\" target=\"_blank\"><img src=\"https:\/\/dashboard.webwinkelkeur.nl\/banners\/5\/1215621\/1699359453.svg\" width=\"32\" height=\"32\" alt=\"Webshop Trustmark\"><\/a>"}},"1687772555ed2d9754":{"type":"apps","blocks":{"webwinkelkeur_product_reviews_RGPXBf":{"type":"shopify:\/\/apps\/webwinkelkeur\/blocks\/product-reviews\/c3ac2bcb-63f1-40d3-9622-f307cd559ad3","settings":{"review_block_font":"sans-serif","reviews_per_page":5,"review_block_padding_top_bottom":10,"review_block_padding_left_right":10,"review_block_title_text_size":26,"review_block_text_size":16,"review_star_size":18,"review_body_text_size":13,"review_item_border":1,"review_space_between":10,"review_block_text_color":"#000000","review_content_color":"#ffffff","review_star_color":"#F8B22E","button_color":"#007bff","button_text_color":"#fff","review_block_background_color":"#f5f5f5","review_border_color":"#f3f3f3","review_help_text_color":"#888"}}},"block_order":["webwinkelkeur_product_reviews_RGPXBf"],"settings":{"include_margins":true}},"d0803697-63a5-4003-9bb9-e2f1796db3f0":{"type":"featured-collection","settings":{"collection":"epdm-pakketten","title":"Aanbevolen artikelen","products_count":12,"layout":"vertical","stack_products":false,"show_quick_buy":false,"link_title":"View all","link_url":""}}},"order":["main","custom_html_LAKqQC","1687772555ed2d9754","d0803697-63a5-4003-9bb9-e2f1796db3f0"]}