{"sections":{"main":{"type":"main-product","blocks":{"product_meta":{"type":"product_meta","settings":{"show_vendor":false,"show_sku":false,"show_reviews_badge":false,"show_share_buttons":false}},"live_product_options_app_block_j73kKd":{"type":"shopify:\/\/apps\/live-product-options\/blocks\/app-block\/88bfdf40-5e27-4962-a966-70c8d1e87757","settings":{"product":"{{product}}"}},"variant_selector":{"type":"variant_selector","settings":{"selector_mode":"block","color_mode":"color","show_quantity_selector":true,"show_taxes_included":false,"show_inventory_quantity":true,"low_inventory_threshold":0}},"buy_buttons":{"type":"buy_buttons","settings":{"show_payment_button":false,"show_gift_card_recipient":false}},"f082eb4b-3740-4a08-9a6b-85355e2b5266":{"type":"shopify:\/\/apps\/trust-badges-bear\/blocks\/widget\/163a9b59-0ec2-4cb7-bf5c-31408b4a9420","settings":{}},"description":{"type":"description","settings":{"display_mode":"view_more"}},"f8a64a4c-7889-4403-a252-f964acffe067":{"type":"complementary_products","settings":{"title":"Combineren met:","products_count":10,"show_quick_buy":true}},"64d361da-5aa7-4425-bd53-8d8f28216429":{"type":"text","settings":{"content":"<p>✔ <strong>Gratis <\/strong>verzending vanaf 195,-<br\/>✔ <strong>50 jaar<\/strong> garantie op alle producten<br\/>✔ Klantbeoordeling: <strong>4,5 \/ 5<\/strong><\/p>"}}},"block_order":["product_meta","live_product_options_app_block_j73kKd","variant_selector","buy_buttons","f082eb4b-3740-4a08-9a6b-85355e2b5266","description","f8a64a4c-7889-4403-a252-f964acffe067","64d361da-5aa7-4425-bd53-8d8f28216429"],"custom_css":[".product-form__info-item--quantity {display: none;}"],"settings":{"image_size":"small","enable_video_looping":false,"enable_image_zoom":false,"zoom_effect":"outside","carousel_effect":"fade"}},"cdd19bcb-0d71-4cd8-af27-85181760a7c7":{"type":"custom-html","settings":{"title":"","html":"<h2>EPDM folie: Altijd een goede oplossing<\/h2>\n<p><strong>EPDM folie<\/strong> biedt dé oplossing voor wie op zoek is naar nieuwe dakbedekking. Of je nu te maken hebt met een oud lekkend dak of bezig bent met een geheel nieuw dak, met onze materialen maak je eenvoudig iedere klus tot een succes. Het repareren of vervangen van een dak wordt een moeiteloze klus met onze op maat gemaakte EPDM dakfolie.<\/p>\n<h2>EPDM Pakket alles-in-één – Kies voor gemak<\/h2>\n<p>Twijfel je over de benodigde hoeveelheid <a href=\"\/collections\/epdm-lijm-kit\">EPDM lijm en kit<\/a>? Kies dan voor een voordelig compleet pakket. Onze complete <a href=\"\/products\/epdm-compleet-pakket\">EPDM pakketten<\/a> bevatten voldoende lijm, kit en een EPDM hemelwaterafvoer naar keuze. De pakketten zijn enorm handig, omdat ze niet alleen alle benodigde materialen bevatten maar ook een uitgebreide gereedschapsset. Kies gemakkelijk uit diverse breedte maten.<\/p>\n<h2>EPDM folie op maat van Rooftopshop<\/h2>\n<p>Bij Rooftopshop koop je <a href=\"\/collections\/epdm-dakbedekking\">EPDM dakbedekking<\/a> die op maat is gemaakt. De EPDM folie is verkrijgbaar in 12 verschillende breedtematen. Wij kunnen dit voor jou afsnijden op elke gewenste lengtemaat. Binnen slechts enkele werkdagen wordt onze hoogwaardige dakmaterialen geleverd. Of je nu een tuinhuis, veranda, garage, uitbouw of bedrijfshal bouwt, voor elk type dak hebben wij de geschikte EPDM dakfolie op maat.<\/p>\n<h2>Amerikaanse kwaliteit dakfolie<\/h2>\n<p>In tegenstelling tot Europese EPDM is deze EPDM rubberfolie van Amerikaanse kwaliteit. Dat betekent dat deze glad van structuur is, maar bevat ook de unieke eigenschap dat hij minder talkpoeder bevat dan andere Amerikaanse EPDM varianten. Door de gladde structuur is de folie makkelijk te verwerken en geeft de mindere talkpoeder een schoon resultaat. Wel zo prettig als je jouw project snel en gemakkelijk wil afronden. Onze dakbedekking, geschikt voor zowel doe-het-zelvers als specialisten, staat garant voor kwaliteit en eenvoudige installatie.<\/p>\n<h2>Jarenlange garantie op je EPDM dakfolie<\/h2>\n<p>Bij Rooftopshop draait het niet alleen om de prijs, maar vooral om de kwaliteit van al onze artikelen. Wij garanderen probleemloos plezier van je EPDM dak voor tientallen jaren. Bij aanschaf ontvang je een duidelijke Nederlandstalige handleiding en video's voor een stapsgewijze installatie. Heb je vragen voor of tijdens de verwerking? Rooftopshop staat voor je klaar. Maak van jouw dak een duurzaam en betrouwbaar project met onze hoogwaardige EPDM dakbedekking.<\/p>\n<h2>Voor welke daken geschikt? <\/h2>\n<p>EPDM rubberfolie is geschikt voor verschillende soorten daken en wordt veel gebruikt in de bouwsector vanwege zijn duurzaamheid en waterdichte eigenschappen. Hier zijn enkele van de meest voorkomende toepassingen van EPDM folie op verschillende soorten daken:<\/p>\n<ol>\n<li>\n<p><strong>Platte daken:<\/strong> EPDM is populair voor platte daken vanwege zijn uitstekende waterbestendigheid en flexibiliteit.<\/p>\n<\/li>\n<li>\n<p><strong>Hellende daken:<\/strong> EPDM dakfolie kan ook worden gebruikt op hellende daken, hoewel het minder gebruikelijk is dan bij platte daken.<\/p>\n<\/li>\n<li>\n<p><strong>Groendaken:<\/strong> EPDM rubberfolie is geschikt voor groendaksystemen, waarbij planten en begroeiing op het dak worden geplaatst.<\/p>\n<\/li>\n<li>\n<p><strong>Renovatieprojecten:<\/strong> EPDM is een populaire keuze voor renovatieprojecten vanwege de eenvoudige installatie en het vermogen om over bestaande dakbedekkingen te worden gelegd, waardoor de noodzaak van volledige verwijdering wordt verminderd.<\/p>\n<\/li>\n<\/ol>\n<p> <\/p>"}},"faq_bjJMBb":{"type":"faq","blocks":{"separator_cRKXQE":{"type":"separator","settings":{"title":"Veelgestelde vragen over EPDM"}},"question_iPNdGB":{"type":"question","settings":{"title":"Kan ik ook een compleet pakket krijgen?","answer":"<p>Jazeker! Wij bieden complete <a href=\"\/products\/epdm-compleet-pakket\" title=\"EPDM Pakket alles-in-één - Zwart\">epdm pakketten<\/a> aan. Ideaal om direct je dak te leggen.<\/p>"}},"question_V68nQR":{"type":"question","settings":{"title":"Kan ik EPDM zelf leggen?","answer":"<p>EPDM is eenvoudig zelf te leggen. Omdat we het EPDM op maat leveren hoef je niks meer te snijden. Het verlijmen is ook zeer gemakkelijk. <\/p><p>Wist je dat we ook een <a href=\"\/blogs\/handleidingen\/montagehandleiding-epdm\" title=\"EPDM dakbedekking aanbrengen: de montagehandleiding\">handleiding<\/a> hebben? Perfect voor de beginners!<\/p>"}},"question_RxY8rq":{"type":"question","settings":{"title":"Kan ik EPDM gebruiken in vijvers?","answer":"<p>Onze normale Amerikaanse EPDM is daar niet voor geschikt. Wij bieden <a href=\"\/pages\/epdm-vijverfolie\" title=\"EPDM Vijverfolie\">EPDM vijverfolie<\/a> op maat aan. Vraag gerust een offerte op.<\/p>"}},"question_rLAYdC":{"type":"question","settings":{"title":"Zakelijke klant?","answer":"<p>Om onze zakelijke relaties zo goed mogelijk van dienst te zijn, hebben we een <a href=\"\/pages\/zakelijk\" title=\"Zakelijk\">zakelijke afdeling<\/a>. Hier kan je terecht voor grote aanvragen\/ projecten.<\/p>"}}},"block_order":["separator_cRKXQE","question_iPNdGB","question_V68nQR","question_RxY8rq","question_rLAYdC"],"settings":{"show_contact_info":false,"contact_info_heading":"Any question?","contact_info_text":"<p>If we still haven't answered your question, you can contact us below and we will get back to you as soon as possible.<\/p>","contact_1_icon":"bi-phone","contact_1_heading":"Customer support","contact_1_text":"<p>Enter your text here<\/p>","contact_2_icon":"bi-email","contact_2_heading":"Send a message","contact_2_text":"<p>Enter your text here<\/p>"}},"product-recommendations":{"type":"product-recommendations","settings":{"heading":"Misschien heb je dit ook nodig?","show_quick_buy":false}},"recently-viewed-products":{"type":"recently-viewed-products","settings":{"title":"Recent bekeken","show_quick_buy":false}}},"order":["main","cdd19bcb-0d71-4cd8-af27-85181760a7c7","faq_bjJMBb","product-recommendations","recently-viewed-products"]}