{"sections":{"main":{"type":"main-product","blocks":{"product_meta":{"type":"product_meta","settings":{"show_vendor":false,"show_sku":false,"show_reviews_badge":false,"show_share_buttons":false}},"live_product_options_app_block_ziheeA":{"type":"shopify:\/\/apps\/live-product-options\/blocks\/app-block\/88bfdf40-5e27-4962-a966-70c8d1e87757","settings":{"product":"{{product}}"}},"variant_selector":{"type":"variant_selector","settings":{"selector_mode":"block","color_mode":"color","show_quantity_selector":true,"show_taxes_included":false,"show_inventory_quantity":true,"low_inventory_threshold":0}},"buy_buttons":{"type":"buy_buttons","settings":{"show_payment_button":false,"show_gift_card_recipient":false}},"f082eb4b-3740-4a08-9a6b-85355e2b5266":{"type":"shopify:\/\/apps\/trust-badges-bear\/blocks\/widget\/163a9b59-0ec2-4cb7-bf5c-31408b4a9420","settings":{}},"description":{"type":"description","settings":{"display_mode":"view_more"}},"64d361da-5aa7-4425-bd53-8d8f28216429":{"type":"text","settings":{"content":"<p>✔ <strong>Gratis <\/strong>verzending vanaf 195,-<br\/>✔ <strong>50 jaar<\/strong> garantie op alle producten<br\/>✔ Klantbeoordeling: <strong>4,5 \/ 5<\/strong><\/p>"}},"f8a64a4c-7889-4403-a252-f964acffe067":{"type":"complementary_products","settings":{"title":"Combineren met","products_count":10,"show_quick_buy":true}}},"block_order":["product_meta","live_product_options_app_block_ziheeA","variant_selector","buy_buttons","f082eb4b-3740-4a08-9a6b-85355e2b5266","description","64d361da-5aa7-4425-bd53-8d8f28216429","f8a64a4c-7889-4403-a252-f964acffe067"],"settings":{"image_size":"small","enable_video_looping":false,"enable_image_zoom":true,"zoom_effect":"outside","carousel_effect":"fade"}},"22a7a30d-f54a-4177-bfa4-9593f6807848":{"type":"custom-html","settings":{"title":"","html":"<h2>Waarom EPDM Primer?<\/h2>\n<p><strong>EPDM Primer <\/strong>kan de ondergrond voor je <a title=\"EPDM dakbedekking\" href=\"https:\/\/www.rooftopshop.nl\/products\/epdm-dakbedekking\" target=\"_blank\" rel=\"noopener\">EPDM dakbedekking<\/a> goed schoonmaken en neutraliseert voor een perfecte hechting. Om voor een waterdichte verbinding te zorgen bij het verlijmen van twee stukken EPDM is het voorbehandelen met onze blikken essentieel. Het gebruik van onze blikken is noodzakelijk wanneer je <a title=\"EPDM bevestigingstape\" href=\"https:\/\/www.rooftopshop.nl\/products\/epdm-dakbedekking\" target=\"_blank\" rel=\"noopener\">EPDM bevestigingstape<\/a> of zelfklevend EPDM gebruikt. Kortom, EPDM primer ontvet en reinigt de EPDM dakbedekking en activeert de lijm op de zelfklevende tapes.<\/p>\n<h2>EPDM Primer van Rooftopshop<\/h2>\n<p>Koop nu je EPDM primer bij Rooftopshop. In ons assortiment vind je diverse formaten blikken van 0,5 liter, 1 liter en 3,78 liter. Op onze webshop vind je niet alleen de beste blikken, maar ook alle andere benodigdheden om jouw dak te voorzien van dakbedekking. Op al onze producten zit 10 jaar garantie. Meer dan genoeg redenen om je blikken bij Rooftopshop aan te schaffen.<\/p>\n<h2>Hoe gebruik je EPDM Primer?<\/h2>\n<p>De primer kan doormiddel van een <a title=\"schuurspons\" href=\"https:\/\/www.rooftopshop.nl\/products\/padhouder-schuursponsje?pr_prod_strat=copurchase&amp;pr_rec_id=2bb6dc9ea&amp;pr_rec_pid=6990441611309&amp;pr_ref_pid=6666443292717&amp;pr_seq=uniform\" target=\"_blank\" rel=\"noopener\">schuurspons<\/a> aangebracht worden. Het EPDM zal je hierdoor opschuren en ook direct reinigen. Bovendien zal de juiste hoeveelheid primer aangebracht worden. Met de blikken van Rooftopshop draag je bij aan een chemische vulkanisatie waardoor het (zelfklevende) EPDM op de juiste manier zal vulkaniseren en optimaal hechten. Je geniet bij het gebruik van onze primer dus van een dubbele functie.<\/p>\n<h2>Combineren met EPDM Tape<\/h2>\n<p>Om twee stukken EPDM aan elkaar te laten hechten gebruik je de primer in combinatie met EPDM tapes. Rooftopshop verkoopt drie verschillende soorten EPDM tape:<\/p>\n<ul>\n<li><a title=\"Covertape\" href=\"https:\/\/www.rooftopshop.nl\/products\/epdm-covertape-15cm-t-m-45-cm\" target=\"_blank\" rel=\"noopener\">Covertape<\/a><\/li>\n<li><a title=\"Rubbertape (Slicetape)\" href=\"https:\/\/www.rooftopshop.nl\/products\/epdm-rubbertape-7-62cm-x-30-5m\" target=\"_blank\" rel=\"noopener\">Rubbertape (Slicetape)<\/a><\/li>\n<li><a title=\"Flashing tape\" href=\"https:\/\/www.rooftopshop.nl\/products\/epdm-flashing-tape\" target=\"_blank\" rel=\"noopener\">Flashing tape<\/a><\/li>\n<\/ul>\n<p>Flashing tape is een vervormbare tape. Deze tape wordt gebruikt in de hoeken van het dak. Covertape is een wat meer stuggere tape dan Flashingtape. De EPDM Covertape heeft aan één zijde een plaklaag. Dubbelzijdig rubbertape wordt in tegenstelling tot covertape (die op twee stukken dakfolie wordt aangebracht), tussen twee stukken dakbedekking aangebracht. Je ziet als het ware geen tape bij het eindresultaat wanneer je voor dit soort tape kiest.<\/p>\n<p> <\/p> \n\n<p><iframe src=\"\/\/www.youtube.com\/embed\/hv-zeUXDFj4\" width=\"560\" height=\"314\" allowfullscreen=\"allowfullscreen\"><\/iframe><\/p>"}},"product-recommendations":{"type":"product-recommendations","settings":{"heading":"Misschien heb je dit ook nodig?","show_quick_buy":false}},"recently-viewed-products":{"type":"recently-viewed-products","settings":{"title":"Recent bekeken","show_quick_buy":false}}},"order":["main","22a7a30d-f54a-4177-bfa4-9593f6807848","product-recommendations","recently-viewed-products"]}