{"sections":{"main":{"type":"main-blog-post","blocks":{"newsletter":{"type":"newsletter","settings":{"title":"Nieuwsbrief","content":"<p>Schrijf je in voor de nieuwsbrief en ontvang wekelijks de beste aanbiedingen en nieuwtjes <\/p>","subtext":"","background":"#000000","text":"#ffffff"}},"2a783216-bf44-4ec1-aa4b-3c9d185c4715":{"type":"featured_products","settings":{"title":"Aanbevolen producten","product_1":"epdm-pakket-alles-in-een-wit","product_2":"epdm-compleet-pakket","product_3":""}},"73cc8317-2cd7-455b-b970-19bcda6134a2":{"type":"featured_posts","settings":{"title":"Populaire Blogs","show_ranking":false,"show_category":false,"show_date":true,"article_1":"nieuws\/welke-daktrim-heb-ik-nodig","article_2":"nieuws\/de-voordelen-van-wit-epdm","article_3":"nieuws\/het-verschil-tussen-contactlijm-en-bodemlijm-epdm","article_4":"","article_5":""}},"0d48cb89-bcc5-408b-8412-79246c9c46a0":{"type":"links","settings":{"menu":"hulp-nodig"}}},"block_order":["newsletter","2a783216-bf44-4ec1-aa4b-3c9d185c4715","73cc8317-2cd7-455b-b970-19bcda6134a2","0d48cb89-bcc5-408b-8412-79246c9c46a0"],"settings":{"show_category":true,"show_author":false,"show_date":true,"show_share_buttons":true,"show_tags":true,"show_gravatar":true}}},"order":["main"]}