{"sections":{"1708811418fdef0d7d":{"type":"apps","blocks":{"se_option_price_calculator_cart_calculation_b4iRVY":{"type":"shopify:\/\/apps\/se-option-price-calculator\/blocks\/cart_calculation\/8f01aabe-62b9-4cde-aee9-dfb98853943a","settings":{"include_jquery":true}}},"block_order":["se_option_price_calculator_cart_calculation_b4iRVY"],"settings":{"include_margins":true}},"main":{"type":"main-cart","settings":{"enable_order_notes":true,"show_payment_icons":true,"gift_wrap_product":"","gift_wrap_text":"Do you want a gift wrap?","gift_wrap_button":"Add a gift wrap","show_shipping_estimator":false,"shipping_estimator_default_country":"Nederland","trust_heading":"Our guarantees","upsell_heading":"Maak je bestelling compleet","upsell_collection":"montage-materiaal","upsell_products_count":4}},"recently-viewed-products":{"type":"recently-viewed-products","settings":{"title":"Recent bekeken","show_quick_buy":false}}},"order":["1708811418fdef0d7d","main","recently-viewed-products"]}