{"sections":{"main":{"type":"main-collection","settings":{"show_collection_image":true,"collapse_collection_description":false,"collection_image_size":"small","products_per_row":"4","default_products_per_page":24,"default_view_layout":"grid","show_quick_buy":"list_grid","show_quick_view":"list","quick_links":"hulp-nodig","quick_links_show_products_count":true,"show_filters":true,"show_filter_color_swatch":true,"open_group_filters_mode":"all_open"}},"recently-viewed-products":{"type":"recently-viewed-products","settings":{"title":"Recent bekeken","show_quick_buy":false}},"57ad8dbf-3709-4705-b6f5-de7accd79a20":{"type":"collection-list","blocks":{"template--19138348679510__57ad8dbf-3709-4705-b6f5-de7accd79a20-1688969018de84e8cb-0":{"type":"collection","settings":{"collection":"epdm-lijm-kit","image":"shopify:\/\/shop_images\/Zonder_titel_500_x_800_px_1080_x_1280_px_1.png","link":""}},"template--19138348679510__57ad8dbf-3709-4705-b6f5-de7accd79a20-1688969018de84e8cb-1":{"type":"collection","settings":{"collection":"epdm-pakketten","image":"shopify:\/\/shop_images\/Ontwerp_zonder_titel_45.png","link":""}},"template--19138348679510__57ad8dbf-3709-4705-b6f5-de7accd79a20-1688969018de84e8cb-2":{"type":"collection","settings":{"collection":"montage-materiaal","image":"shopify:\/\/shop_images\/Ontwerp_zonder_titel_38.png","link":""}},"template--19138348679510__57ad8dbf-3709-4705-b6f5-de7accd79a20-1688969018de84e8cb-3":{"type":"collection","settings":{"collection":"dakgoten","image":"shopify:\/\/shop_images\/Ontwerp_zonder_titel_46.png","link":""}},"template--19138348679510__57ad8dbf-3709-4705-b6f5-de7accd79a20-1688969018de84e8cb-4":{"type":"collection","settings":{"collection":"epdm-dakbedekking","image":"shopify:\/\/shop_images\/Ontwerp_zonder_titel_43.png","link":""}},"template--19138348679510__57ad8dbf-3709-4705-b6f5-de7accd79a20-1688969018de84e8cb-5":{"type":"collection","settings":{"collection":"epdm-dakdoorvoer","image":"shopify:\/\/shop_images\/Ontwerp_zonder_titel_41.png","link":""}}},"block_order":["template--19138348679510__57ad8dbf-3709-4705-b6f5-de7accd79a20-1688969018de84e8cb-0","template--19138348679510__57ad8dbf-3709-4705-b6f5-de7accd79a20-1688969018de84e8cb-1","template--19138348679510__57ad8dbf-3709-4705-b6f5-de7accd79a20-1688969018de84e8cb-2","template--19138348679510__57ad8dbf-3709-4705-b6f5-de7accd79a20-1688969018de84e8cb-3","template--19138348679510__57ad8dbf-3709-4705-b6f5-de7accd79a20-1688969018de84e8cb-4","template--19138348679510__57ad8dbf-3709-4705-b6f5-de7accd79a20-1688969018de84e8cb-5"],"settings":{"title":"","link_title":"View all","link":"","round_images":true,"show_collection_title":true}},"2647b771-76cf-44a4-9e9d-c362d339ee0e":{"type":"custom-html","settings":{"title":"","html":"<h2>Over Polycarbonaat Platen<\/h2> Polycarbonaat platen zijn een soort kunststof platen die veel worden gebruikt voor diverse toepassingen. Ze onderscheiden zich door hun duurzaamheid, lichtgewicht aard en uitstekende isolerende eigenschappen. Deze platen zijn meestal transparant of semi-transparant, wat resulteert in een natuurlijke lichtdoorlatendheid.\n<h2>Toepassingen van Polycarbonaat Platen<\/h2>\n    <h3>Serres<\/h3>\n    <p>Polycarbonaat platen zijn bijzonder populair voor de bouw van serres. Ze zorgen voor een gecontroleerde omgeving waarin planten kunnen gedijen. De transparantie van de platen laat voldoende zonlicht door voor fotosynthese, terwijl ze bescherming bieden tegen ongunstige weersomstandigheden.<\/p>\n\n    <h3>Overkappingen<\/h3>\n    <p>Polycarbonaat platen worden vaak gebruikt voor het creëren van overkappingen, zoals terrasoverkappingen, luifels en veranda's. Ze beschermen buitenruimtes tegen regen, hagel en de zon, terwijl ze toch een aangename lichtinval bieden.<\/p>\n\n    <h3>Carports<\/h3>\n    <p>Carports gemaakt van polycarbonaat platen bieden een voordelige oplossing voor het beschermen van voertuigen tegen de elementen. De platen zijn duurzaam en bestand tegen weersinvloeden, waardoor ze een uitstekende keuze zijn voor deze toepassing.<\/p>\n\n    <h3>Terrasoverkappingen<\/h3>\n    <p>Terrasoverkappingen met polycarbonaat platen zijn een populaire manier om een buitenruimte te creëren die het hele jaar door gebruikt kan worden. De platen bieden bescherming tegen regen en wind, terwijl ze toch voldoende licht doorlaten voor een aangename sfeer.<\/p>"}}},"order":["main","recently-viewed-products","57ad8dbf-3709-4705-b6f5-de7accd79a20","2647b771-76cf-44a4-9e9d-c362d339ee0e"]}