{"sections":{"main":{"type":"main-collection","settings":{"show_collection_image":true,"collapse_collection_description":false,"collection_image_size":"small","products_per_row":"4","default_products_per_page":24,"default_view_layout":"grid","show_quick_buy":"list_grid","show_quick_view":"list","quick_links":"hulp-nodig","quick_links_show_products_count":true,"show_filters":true,"show_filter_color_swatch":true,"open_group_filters_mode":"all_open"}},"recently-viewed-products":{"type":"recently-viewed-products","settings":{"title":"Recent bekeken","show_quick_buy":false}},"57ad8dbf-3709-4705-b6f5-de7accd79a20":{"type":"collection-list","blocks":{"template--19138348679510__57ad8dbf-3709-4705-b6f5-de7accd79a20-1688969018de84e8cb-0":{"type":"collection","settings":{"collection":"epdm-lijm-kit","image":"shopify:\/\/shop_images\/Zonder_titel_500_x_800_px_1080_x_1280_px_1.png","link":""}},"template--19138348679510__57ad8dbf-3709-4705-b6f5-de7accd79a20-1688969018de84e8cb-1":{"type":"collection","settings":{"collection":"epdm-pakketten","image":"shopify:\/\/shop_images\/Ontwerp_zonder_titel_45.png","link":""}},"template--19138348679510__57ad8dbf-3709-4705-b6f5-de7accd79a20-1688969018de84e8cb-2":{"type":"collection","settings":{"collection":"montage-materiaal","image":"shopify:\/\/shop_images\/Ontwerp_zonder_titel_38.png","link":""}},"template--19138348679510__57ad8dbf-3709-4705-b6f5-de7accd79a20-1688969018de84e8cb-3":{"type":"collection","settings":{"collection":"dakgoten","image":"shopify:\/\/shop_images\/Ontwerp_zonder_titel_46.png","link":""}},"template--19138348679510__57ad8dbf-3709-4705-b6f5-de7accd79a20-1688969018de84e8cb-4":{"type":"collection","settings":{"collection":"epdm-dakbedekking","image":"shopify:\/\/shop_images\/Ontwerp_zonder_titel_43.png","link":""}},"template--19138348679510__57ad8dbf-3709-4705-b6f5-de7accd79a20-1688969018de84e8cb-5":{"type":"collection","settings":{"collection":"epdm-dakdoorvoer","image":"shopify:\/\/shop_images\/Ontwerp_zonder_titel_41.png","link":""}}},"block_order":["template--19138348679510__57ad8dbf-3709-4705-b6f5-de7accd79a20-1688969018de84e8cb-0","template--19138348679510__57ad8dbf-3709-4705-b6f5-de7accd79a20-1688969018de84e8cb-1","template--19138348679510__57ad8dbf-3709-4705-b6f5-de7accd79a20-1688969018de84e8cb-2","template--19138348679510__57ad8dbf-3709-4705-b6f5-de7accd79a20-1688969018de84e8cb-3","template--19138348679510__57ad8dbf-3709-4705-b6f5-de7accd79a20-1688969018de84e8cb-4","template--19138348679510__57ad8dbf-3709-4705-b6f5-de7accd79a20-1688969018de84e8cb-5"],"settings":{"title":"","link_title":"View all","link":"","round_images":true,"show_collection_title":true}},"be288fbe-5ca1-40bf-abe4-d97d52325898":{"type":"custom-html","settings":{"title":"","html":"<h2>Ontdek de Voordelen van Dampremmende Folie<\/h2>\n<p>In de wereld van bouw- en isolatiematerialen is vocht een veelvoorkomend probleem. Het kan leiden tot schadelijke condensatie, houtrot en verslechtering van <a href=\"https:\/\/www.rooftopshop.nl\/products\/pir-isolatie\">isolatiemateriaal<\/a>. Door de folie aan te brengen onder het isolatiemateriaal is het dak beschermd tegen zowel vocht als condensatie<\/p>\n<h3>Waarom Dampremmende Folie?<\/h3>\n<p>De keuze voor onze folie biedt tal van voordelen:<\/p>\n<ul>\n<li>Uitstekende Prestaties: Dankzij de folie ben je verzekerd van een condensvrij dak, zelfs in vochtige gebieden. Het is in staat om vocht op tegen te houden en jouw dak droog te houden.<\/li>\n<li>Lange Levensduur: De duurzaamheid van de folie is een pluspunt. Onze folie gaat jarenlang mee en behoudt zijn functie, waardoor je je geen zorgen hoeft te maken over vroegtijdige vervanging.<\/li>\n<li>Veelzijdige Toepassingen: Onze folie is geschikt voor verschillende toepassingen, waaronder dakisolatie, wandconstructies, vloerisolatie en meer.<\/li>\n<li>Eenvoudige Installatie: Het aanbrengen van dampremmende folie is een eenvoudig proces. Met de juiste bevestigingsmiddelen en voldoende tijd kun je zelfs als doe-het-zelver je eigen dak isoleren.<\/li>\n<\/ul>\n<h3>Bescherm Jouw dak met de Folie<\/h3>\n<p>Of je nu werkt aan een nieuwbouwproject, een renovatie uitvoert of gewoon de isolatie van jouw huis verbetert, dampremmende folie is een verstandige keuze. Het beschermt niet alleen jouw dak, maar zorgt ook voor een meer aangename temperatuur in huis.<br><br><\/p>\n<h3>Montagehandleiding van Rooftopshop<\/h3>\n<p>Voor gedetailleerde instructies over het correct monteren van dampremmende folie, verwijzen we je graag naar onze uitgebreide handleiding. In deze handleiding vind je stapsgewijze richtlijnen, handige tips en alle informatie die je nodig hebt om je isolatieproject succesvol af te ronden.<\/p>\n<h2>Neem contact op met Rooftopshop<\/h2>\n<p>Bij Rooftopshop begrijpen we de waarde van hoogwaardige bouwmaterialen. Onze dampremmende folie voldoet aan de hoogste normen voor prestaties en duurzaamheid. Neem vandaag nog contact met ons op voor meer informatie en advies op maat. Bescherm jouw constructie tegen vochtproblemen met dampremmende folie van Rooftopshop.<\/p>"}}},"order":["main","recently-viewed-products","57ad8dbf-3709-4705-b6f5-de7accd79a20","be288fbe-5ca1-40bf-abe4-d97d52325898"]}