{"sections":{"main":{"type":"main-collection","settings":{"show_collection_image":true,"collapse_collection_description":false,"collection_image_size":"small","products_per_row":"4","default_products_per_page":24,"default_view_layout":"grid","show_quick_buy":"list_grid","show_quick_view":"list","quick_links":"hulp-nodig","quick_links_show_products_count":true,"show_filters":true,"show_filter_color_swatch":true,"open_group_filters_mode":"all_open"}},"b5271a48-c5e5-44ba-96e1-d6320fecf354":{"type":"custom-html","settings":{"title":"","html":"<h2>EPDM lijm &amp; kit kopen voor EPDM dakbedekking<\/h2>\n<p><strong>EPDM lijm<\/strong> gebruik je om EPDM dakbedekking te verlijmen. Dit type dakfolie is op dit moment de meest duurzame optie voor het bedekken van een plat dak. Deze dakfolie is namelijk nagenoeg onderhoudsvrij en is goed bestand tegen vocht en weersomstandigheden. Dit zorgt voor een lange levensduur van je dakbedekking. Omdat deze vorm van dakbedekking gelijmd dient te worden is het ook nog eens vrij eenvoudig zelf aan te brengen. Voor de perfecte afwerking van de dakfolie is het noodzakelijk dat je de juiste EPDM lijm kiest. Onze lijmen zijn van zeer hoge kwaliteit en zorgen voor een nauwkeurige hechting van de <a href=\"\/collections\/epdm-dakbedekking\">EPDM dakbedekking<\/a> op de ondergrond. De beste EPDM lijm en EPDM kit bestel je heel gemakkelijk en veilig bij Rooftopshop. Er zijn verschillende soorten beschikbaar, zoals EPDM contactlijm, EPDM bodemlijm en EPDM MS polymeer kit. Hieronder vind je een overzicht om de perfecte lijmsoort te vinden die bij jouw klus past.<\/p>\n<h2>EPDM contactlijm, bodemlijm of kit?<\/h2>\n<p>Enkel de beste kwaliteit EPDM lijm en EPDM kit koop je bij ons zodat de EPDM dakbedekking ook daadwerkelijk vast zit aan de ondergrond. Je vraagt jezelf vast af welke EPDM lijm of EPDM kit je hiervoor dient te gebruiken. Rooftopshop heeft in haar assortiment:<\/p>\n<ul>\n<li>EPDM bodemlijm<\/li>\n<li>EPDM contactlijm (in 4 formaten)<\/li>\n<li>EPDM polymeer kit<\/li>\n<\/ul>\n<p>Hieronder leggen we je graag uit wat je waarvoor gebruikt. Benieuwd naar het verschil tussen contactlijm en bodemlijm? Bekijk dan <a href=\"\/blogs\/nieuws\/het-verschil-tussen-contactlijm-en-bodemlijm-epdm\" target=\"_blank\">deze blog<\/a>.<\/p>\n<h3>EPDM Contactlijm<\/h3>\n<p><a title=\"EPDM lijm van Rooftopshop\" href=\"\/products\/epdm-contactlijm\" target=\"_blank\" rel=\"noopener\">EPDM contactlijm<\/a> is bedoeld om de EPDM dakbedekking direct op de ondergrond te verlijmen. De contactlijm moet zowel op de EPDM als de ondergrond worden aangebracht voor de juiste hechting. Voor het berekenen van de hoeveelheid pakt je enkel het dakoppervlak, als je bijvoorbeeld een dak hebt van 5 meter x 4 meter heb je dus voor 20 m2 EPDM lijm nodig. in deze situatie zou dus de 5 liter verpakking perfect zijn. Deze EPDM contactlijm is geschikt voor verschillende ondergronden, bijvoorbeeld OSB, underlayment, <a href=\"\/collections\/isolatie\">PIR isolatie<\/a>, bitumen en zelfs beton.<\/p>\n<p style=\"text-align: center;\"><img src=\"https:\/\/cdn.shopify.com\/s\/files\/1\/0377\/9126\/8909\/files\/epdm-contactlijm.png\" alt=\"EPDM Contactlijm\"><\/p>\n<h2>EPDM Bodemlijm<\/h2>\n<p><a title=\"EPDM bodemlijm van Rooftopshop\" href=\"\/products\/epdm-bodemlijm\" target=\"_blank\" rel=\"noopener\">EPDM Bodemlijm<\/a> gebruik je voor enkelzijdige verlijming van EPDM dakbedekking op houten oppervlaktes. Bij enkelzijdige verlijming op hout kan je de EPDM folie direct op de natte EPDM bodemlijm aanbrengen, zodat je 30 minuten na plaatsing nog correcties kan aanbrengen voor een kreukvrije en eenvoudige montage. Bij een andere ondergrond werkt deze lijm hetzelfde als EPDM Contactlijm en moet je op zowel de EPDM folie als de ondergrond de lijm aanbrengen. <span style=\"font-weight: 400;\">Met name voor houten oppervlaktes is het dus raadzaam om te kiezen voor EPDM bodemlijm.<\/span><\/p>\n<p style=\"text-align: center;\"><img src=\"https:\/\/cdn.shopify.com\/s\/files\/1\/0377\/9126\/8909\/files\/epdm-bodemlijm.png?v=1665650368\" alt=\"EPDM Bodemlijm\"><\/p>\n<h2>EPDM Kit<\/h2>\n<p>EPDM kit is ideaal voor het afdichten en het netjes afwerken van naden. Hiermee voorkom je lekkage aan de dakbedekking. Met de <a href=\"\/products\/epdm-ms-polymeer-kit-290ml\" target=\"_blank\">MS Polymeer kit<\/a>  kunnen dakdoorvoeren en stadsuitlopen met een EPDM flap fantastisch worden gemonteerd op EPDM daken. Daktrimmen kunnen ook perfect worden gemonteerd met EPDM kit. Kortom, Rooftopshop heeft alle benodigdheden om jouw EPDM dakbedekking keurig aan te brengen op iedere ondergrond. Er is keuze uit drie soorten EPDM lijm en kit. Voor iedere klus is het perfecte product beschikbaar.<\/p>\n<p style=\"text-align: center;\"><img src=\"https:\/\/cdn.shopify.com\/s\/files\/1\/0377\/9126\/8909\/files\/epdm-kit.png?v=1665650369\" alt=\"EPDM Kit\"><\/p>\n<h2>EPDM Lijmset<\/h2>\n<p>EPDM lijm is gemakkelijk aan te brengen met behulp van onze <a href=\"\/products\/epdm-lijmset-compleet\" target=\"_blank\">EPDM lijmset<\/a>. Deze lijmset bevat alles wat je nodig hebt om EPDM succesvol te verlijmen. Een verfbak, vachtroller, aandrukroller, kwast, breekmes, rolmaat en een paar handschoenen. Voor optimale hechting tussen de ondergrond en het EPDM wordt er aangeraden om het contactlijm dubbelzijdig aan te brengen met behulp van de vachtroller. Wanneer je gebruik maakt van bodemlijm mag de dakbeddeking enkelzijdig worden verlijmd.<\/p>\n<p style=\"text-align: center;\"> <\/p>\n<h2>Rooftopshop service voor EPDM lijm<\/h2>\n<p>Voor EPDM lijmen heeft Rooftopshop alles wat je nodig hebt. Wij helpen je graag persoonlijk en zorgen ervoor dat je altijd antwoord krijgt wanneer je vragen hebt over EPDM lijm en EPDM kit. Wij helpen je graag persoonlijk en geven altijd binnen 24 uur antwoord op je vragen. Wil je ons direct bereiken? Neem dan op werkdagen tussen 09:00 en 17:00 uur contact op met onze klantenservice. Je kan ons bellen op telefoonnummer 085 - 060 6 49. Per e-mail zijn wij te benaderen via <a href=\"mailto:info@rooftopshop.nl\" target=\"_blank\">info@rooftopshop.nl<\/a><\/p>"}},"recently-viewed-products":{"type":"recently-viewed-products","settings":{"title":"Recent bekeken","show_quick_buy":false}},"57ad8dbf-3709-4705-b6f5-de7accd79a20":{"type":"collection-list","blocks":{"template--19138348679510__57ad8dbf-3709-4705-b6f5-de7accd79a20-1688969018de84e8cb-0":{"type":"collection","settings":{"collection":"epdm-lijm-kit","image":"shopify:\/\/shop_images\/Zonder_titel_500_x_800_px_1080_x_1280_px_1.png","link":""}},"template--19138348679510__57ad8dbf-3709-4705-b6f5-de7accd79a20-1688969018de84e8cb-1":{"type":"collection","settings":{"collection":"epdm-pakketten","image":"shopify:\/\/shop_images\/Ontwerp_zonder_titel_45.png","link":""}},"template--19138348679510__57ad8dbf-3709-4705-b6f5-de7accd79a20-1688969018de84e8cb-2":{"type":"collection","settings":{"collection":"montage-materiaal","image":"shopify:\/\/shop_images\/Ontwerp_zonder_titel_38.png","link":""}},"template--19138348679510__57ad8dbf-3709-4705-b6f5-de7accd79a20-1688969018de84e8cb-3":{"type":"collection","settings":{"collection":"dakgoten","image":"shopify:\/\/shop_images\/Ontwerp_zonder_titel_46.png","link":""}},"template--19138348679510__57ad8dbf-3709-4705-b6f5-de7accd79a20-1688969018de84e8cb-4":{"type":"collection","settings":{"collection":"epdm-dakbedekking","image":"shopify:\/\/shop_images\/Ontwerp_zonder_titel_43.png","link":""}},"template--19138348679510__57ad8dbf-3709-4705-b6f5-de7accd79a20-1688969018de84e8cb-5":{"type":"collection","settings":{"collection":"epdm-dakdoorvoer","image":"shopify:\/\/shop_images\/Ontwerp_zonder_titel_41.png","link":""}}},"block_order":["template--19138348679510__57ad8dbf-3709-4705-b6f5-de7accd79a20-1688969018de84e8cb-0","template--19138348679510__57ad8dbf-3709-4705-b6f5-de7accd79a20-1688969018de84e8cb-1","template--19138348679510__57ad8dbf-3709-4705-b6f5-de7accd79a20-1688969018de84e8cb-2","template--19138348679510__57ad8dbf-3709-4705-b6f5-de7accd79a20-1688969018de84e8cb-3","template--19138348679510__57ad8dbf-3709-4705-b6f5-de7accd79a20-1688969018de84e8cb-4","template--19138348679510__57ad8dbf-3709-4705-b6f5-de7accd79a20-1688969018de84e8cb-5"],"settings":{"title":"","link_title":"View all","link":"","round_images":true,"show_collection_title":true}}},"order":["main","b5271a48-c5e5-44ba-96e1-d6320fecf354","recently-viewed-products","57ad8dbf-3709-4705-b6f5-de7accd79a20"]}