{"sections":{"main":{"type":"main-collection","settings":{"show_collection_image":true,"collapse_collection_description":false,"collection_image_size":"small","products_per_row":"4","default_products_per_page":24,"default_view_layout":"grid","show_quick_buy":"list_grid","show_quick_view":"list","quick_links":"hulp-nodig","quick_links_show_products_count":true,"show_filters":true,"show_filter_color_swatch":true,"open_group_filters_mode":"all_open"}},"6978f0ce-706d-4d1d-879a-bfa501e2522b":{"type":"custom-html","settings":{"title":"","html":"<h2>Unilin PIR Isolatie 1200x600mm - 20mm tot 100mm<\/h2>\nKies voor onze Unilin PIR isolatie wanneer warmteverlies tegengegaan moet worden. Hoe dikker de PIR plaat, hoe hoger de Rd-waarde. Een hoge Rd-waarde betekent een betere isolatie.\nDe PIR dakisolatie is voorzien van een aluminium cachering. Geschikt om direct EPDM op te verlijmen. Het leggen van de isolatie platen is vrij gemakkelijk.\nAfmeting: 1200x600mm\nDiktes: 20mm t\/m 100mm\nMateriaal: PIR\n<h2>PIR isolatie kopen bij Rooftopshop<\/h2>\nPIR isolatie van hoogwaardige kwaliteit koop je uiteraard bij Rooftopshop. Het aanschaffen van <strong>PIR isolatiemateriaal<\/strong> bij Rooftopshop is een duurzame keuze. Je mag namelijk niet alleen uit gaan van goede kwaliteit, maar ook een voordelige prijs. Kortom, genoeg redenen om je PIR isolatie bij Rooftopshop te kopen.\n<h2>Waar wordt PIR isolatie voor gebruikt?<\/h2>\nPIR isolatie gebruik je om warmteverlies tegen te gaan. Het voordeel van deze isolatie platen een hoge isolatiewaarde hebben. Hoe dikker de PIR plaat, hoe hoger de Rd-waarde. Een hoge Rd-waarde resulteert in een betere isolatie. De <strong>PIR isolatie<\/strong> is voorzien van een aluminium cachering. Hierdoor kan je direct EPDM op de dakisolatie lijmen met <a href=\"\/collections\/epdm-lijm-kit\" target=\"_blank\" rel=\"noopener\" title=\"EPDM lijm\">EPDM lijm<\/a>. Het leggen van de isolatieplaten is vrij makkelijk.\n<h2>De voordelen van PIR isolatiemateriaal van Rooftopshop<\/h2>\nAls je PIR bij Rooftopshop besteld, profiteer je van vele voordelen. Naaste de gunstige prijs en goede kwaliteit, hier nog even alles op een rijtje:\n<ul>\n\t<li>Hoge isolatiewaarde<\/li>\n\t<li>Neemt vrijwel geen vocht op<\/li>\n\t<li>Direct te verlijmen met <a href=\"\/collections\/epdm\" target=\"_blank\" rel=\"noopener\" title=\"EPDM\">EPDM<\/a>\n<\/li>\n\t<li>Hoge brandveiligheidEnorm licht van gewicht<\/li>\n<\/ul>\n<h2>Rooftopshop service voor PIR isolatie<\/h2>\nRooftopshop heeft alles wat je nodig hebt om de PIR plaat aan te brengen. Onze vriendelijke klantenservice wacht met smart op je vragen en is telefonisch bereikbaar op 085 – 060 6 49 op werkdagen tussen 09:00 en 17:00 uur. Heb je liever schriftelijk contact met ons? Wij geven altijd binnen 24 uur antwoord op je vragen via de e-mail info@rooftopshop.nl."}},"recently-viewed-products":{"type":"recently-viewed-products","settings":{"title":"Recent bekeken","show_quick_buy":false}}},"order":["main","6978f0ce-706d-4d1d-879a-bfa501e2522b","recently-viewed-products"]}