{"sections":{"3901a4a7-5dfa-4097-a834-b3fe520ab2df":{"type":"slideshow","blocks":{"template--19138348777814__3901a4a7-5dfa-4097-a834-b3fe520ab2df-16897626236f046f60-0":{"type":"image","disabled":true,"settings":{"image":"shopify:\/\/shop_images\/De_winnaar_wordt_14_Augustus_bekend_gemaakt_1200_x_400_px.png","mobile_image":"shopify:\/\/shop_images\/kamadobbq-actie-mobile.jpg","show_overlay":true,"overlay_opacity":51,"text_color":"#ffffff","title":"Actie: Win een Kamado BBQ 21\" incl. toebehoren t.w.v. € 1180,-","content":"Je doet automatisch mee bij een bestelling in de maand juli. Einde van de maand wordt één Kamado BBQ verloot. De winnaar wordt bekend gemaakt via onze Socials.","content_position":"bottom_right","button_background":"#e6332a","button_text_color":"#ffffff","button_text":"Actievoorwaarden","link":"shopify:\/\/pages\/actievoorwaarden-kamado-bq-21-juli-2023"}}},"block_order":["template--19138348777814__3901a4a7-5dfa-4097-a834-b3fe520ab2df-16897626236f046f60-0"],"settings":{"edge_to_edge":false,"section_size":"preserve_ratio","carousel_effect":"slide","autoplay":true,"cycle_speed":5}},"894d3443-d875-42dd-833b-bc603dc351ce":{"type":"mosaic","blocks":{"template--19138348777814__894d3443-d875-42dd-833b-bc603dc351ce-1687350348b652d7ed-0":{"type":"item","settings":{"image":"shopify:\/\/shop_images\/dakdekker-epdm-dakbedekking_2d7d8037-9429-4619-a07d-1b65b839641b.jpg","show_overlay":true,"overlay_opacity":50,"background":"#000000","text_color":"#ffffff","title":"EPDM Dakbedekking","content":"Kwaliteit & Zekerheid voor al je dak avonturen","content_position":"top_left","button_background":"#e6332a","button_text_color":"#f3f4f4","button_text":"Dakbedekking","link":"shopify:\/\/collections\/epdm-dakbedekking"}},"template--19138348777814__894d3443-d875-42dd-833b-bc603dc351ce-1687350348b652d7ed-2":{"type":"item","settings":{"image":"shopify:\/\/shop_images\/epdm-compleet-pakket-afmeting-4-58-x-10-00-meter-met-onderuitloop-1-removebg-preview_600x_b033bdd4-490f-4c52-aff6-0329fd93a2c2.webp","show_overlay":true,"overlay_opacity":82,"background":"#f3f4f4","text_color":"#ffffff","title":"Alles-in-één pakket EPDM","content":"Met het EPDM Alles-in-één pakket heb je alles wat je nodig hebt om je dak te voorzien van EPDM dakbedekking.","content_position":"top_left","button_background":"#e6332a","button_text_color":"#f3f4f4","button_text":"EPDM Pakketten","link":"shopify:\/\/collections\/epdm-pakketten"}},"template--19138348777814__894d3443-d875-42dd-833b-bc603dc351ce-1687350348b652d7ed-1":{"type":"item","settings":{"image":"shopify:\/\/shop_images\/shutterstock_1664316538_47ccd94d-dba6-45b5-a654-2aeae5399362.jpg","show_overlay":true,"overlay_opacity":50,"background":"#f3f4f4","text_color":"#ffffff","title":"Daktrimmen universeel","content":"Dakrandafwerking voor EPDM en bitumen","content_position":"top_left","button_background":"#e6332a","button_text_color":"#f3f4f4","button_text":"Universele daktrim","link":"shopify:\/\/collections\/daktrim-universeel"}}},"block_order":["template--19138348777814__894d3443-d875-42dd-833b-bc603dc351ce-1687350348b652d7ed-0","template--19138348777814__894d3443-d875-42dd-833b-bc603dc351ce-1687350348b652d7ed-2","template--19138348777814__894d3443-d875-42dd-833b-bc603dc351ce-1687350348b652d7ed-1"],"settings":{"section_size":"small"}},"slideshow":{"type":"slideshow","blocks":{"93807e7c-61d3-4371-8c4d-46b4b742cfe9":{"type":"image","settings":{"image":"shopify:\/\/shop_images\/Zonder_titel_2160_x_720_px_1.jpg","show_overlay":true,"overlay_opacity":89,"text_color":"#ffffff","title":"EPDM Dakbedekking","content":"EPDM dakbedekking is dé ideale oplossing voor een zorgeloos dak. Met onze EPDM lijmen en andere toebehoren is het gemakkelijk aan te brengen. EPDM dakbedekking staat bekend om de lange levensduur, waardoor je geruime tijd kan genieten van een waterdicht dak. Onze EPDM dakbedekking is vliegvuurbestendig en van hoge kwaliteit.","content_position":"top_center","button_background":"#ffffff","button_text_color":"#000000","button_text":"","link":"shopify:\/\/collections\/epdm-dakbedekking"}},"slide-2":{"type":"image","settings":{"image":"shopify:\/\/shop_images\/Zonder_titel_2160_x_720_px.jpg","show_overlay":true,"overlay_opacity":100,"text_color":"#ffffff","title":"EPDM Dakdoorvoeren","content":"EPDM dakdoorvoeren zijn verkrijgbaar in verschillende varianten. Rooftopshop heeft vrijwel alle oplossingen in huis om hemelwater af te voeren. De EPDM onderuitloop of stadsuitloop worden het meest gebruikt. We bieden ook noodoverlopen en verschillende ontluchtingen aan.","content_position":"top_center","button_background":"#ffffff","button_text_color":"#e6332a","button_text":"","link":"shopify:\/\/collections\/epdm-dakdoorvoer"}},"slide-1":{"type":"image","settings":{"image":"shopify:\/\/shop_images\/Lijm-set-compleet_2160_x_720_px.jpg","show_overlay":true,"overlay_opacity":100,"text_color":"#ffffff","title":"Dakranden","content":"Rooftopshop heeft verschillende type dakranden in het assortiment. Wij verkopen daktrimmen, kraaltrimmen, deklijsten en knelprofielen. Daarnaast hebben wij daktrimmen speciaal voor EPDM daken.","content_position":"top_center","button_background":"#ffffff","button_text_color":"#e6332a","button_text":"","link":"shopify:\/\/collections\/dakranden"}}},"block_order":["93807e7c-61d3-4371-8c4d-46b4b742cfe9","slide-2","slide-1"],"disabled":true,"settings":{"edge_to_edge":false,"section_size":"small","carousel_effect":"slide","autoplay":true,"cycle_speed":5}},"b53e5fc1-2792-4d78-ae78-07e71704a8b8":{"type":"text-with-icons","blocks":{"template--19138348777814__b53e5fc1-2792-4d78-ae78-07e71704a8b8-1687345838571f9304-0":{"type":"item","settings":{"icon":"bi-delivery","title":"Gratis verzending","content":"<p>Door heel Nederland verzenden wij jouw bestelling gratis vanaf 195,-<\/p>"}},"template--19138348777814__b53e5fc1-2792-4d78-ae78-07e71704a8b8-1687345838571f9304-1":{"type":"item","settings":{"icon":"bi-fast-delivery","title":"Snelle levertijden","content":"<p>Rooftopshop staat bekend om snelle en flexibele leveringen bij jou op locatie<\/p>"}},"template--19138348777814__b53e5fc1-2792-4d78-ae78-07e71704a8b8-1687345838571f9304-2":{"type":"item","settings":{"icon":"bi-customer-support","title":"Altijd binnen 24 uur reactie","content":"<p>Wij zorgen ervoor dat je altijd binnen 24 uur antwoord hebt op al je vragen.<\/p>"}},"template--19138348777814__b53e5fc1-2792-4d78-ae78-07e71704a8b8-1687345838571f9304-3":{"type":"item","settings":{"icon":"bi-shield","title":"50 jaar garantie","content":"<p>Rooftopshop staat in voor de kwaliteit van haar product. Alle producten hebben 50 jaar garantie!<\/p>"}}},"block_order":["template--19138348777814__b53e5fc1-2792-4d78-ae78-07e71704a8b8-1687345838571f9304-0","template--19138348777814__b53e5fc1-2792-4d78-ae78-07e71704a8b8-1687345838571f9304-1","template--19138348777814__b53e5fc1-2792-4d78-ae78-07e71704a8b8-1687345838571f9304-2","template--19138348777814__b53e5fc1-2792-4d78-ae78-07e71704a8b8-1687345838571f9304-3"],"settings":{"stack_mobile":false}},"a0cecf97-8983-4ecd-ac4b-95d89eb0c4ac":{"type":"featured-collection","settings":{"collection":"selectie-noindex","title":"EPDM en benodigdheden","products_count":4,"layout":"vertical","stack_products":false,"show_quick_buy":false,"link_title":"","link_url":""}},"featured-collection":{"type":"featured-collection","settings":{"collection":"meest-verkocht","title":"Meest verkochte daktrimmen","products_count":12,"layout":"vertical","stack_products":false,"show_quick_buy":false,"link_title":"","link_url":""}},"b6fd9a02-a61c-411e-80d3-fd28e29be50c":{"type":"image-with-text","settings":{"image":"shopify:\/\/shop_images\/shutterstock_1664316538_47ccd94d-dba6-45b5-a654-2aeae5399362.jpg","image_position":"left","image_width":50,"title":"Dé EPDM dakleverancier","content":"<p>Bij Rooftopshop hechten wij veel waarde aan de relatie met onze klanten. Om onze klanten zo goed mogelijk te begeleiden bij het verwerken van onze producten, hebben wij meerdere montagehandleidingen in onze kennisbank! Onze kennisbank bevat diverse montagehandleidingen en informatieve blogs om je te begeleiden. Bovendien bieden wij bij Rooftopshop ook persoonlijke ondersteuning aan onze klanten. Ons deskundig team staat klaar om vragen te beantwoorden, advies te geven en eventuele problemen op te lossen die zich kunnen voordoen tijdens het verwerkingsproces.<\/p>","button_text":"Kennisbank","button_link":"shopify:\/\/blogs\/handleidingen"}},"9bd02de9-7bfd-4ad0-96e5-67788bb95c19":{"type":"featured-product","blocks":{"template--19138348777814__9bd02de9-7bfd-4ad0-96e5-67788bb95c19-16873521169dd84c65-0":{"type":"product_meta","settings":{"show_vendor":false,"show_sku":false,"show_reviews_badge":false,"show_share_buttons":false}},"template--19138348777814__9bd02de9-7bfd-4ad0-96e5-67788bb95c19-16873521169dd84c65-1":{"type":"featured_description","disabled":true,"settings":{}},"template--19138348777814__9bd02de9-7bfd-4ad0-96e5-67788bb95c19-16873521169dd84c65-2":{"type":"variant_selector","settings":{"selector_mode":"block","color_mode":"color","show_quantity_selector":true,"show_taxes_included":false,"show_inventory_quantity":false,"low_inventory_threshold":0}},"template--19138348777814__9bd02de9-7bfd-4ad0-96e5-67788bb95c19-16873521169dd84c65-3":{"type":"buy_buttons","settings":{"show_payment_button":false,"show_gift_card_recipient":false}}},"block_order":["template--19138348777814__9bd02de9-7bfd-4ad0-96e5-67788bb95c19-16873521169dd84c65-0","template--19138348777814__9bd02de9-7bfd-4ad0-96e5-67788bb95c19-16873521169dd84c65-1","template--19138348777814__9bd02de9-7bfd-4ad0-96e5-67788bb95c19-16873521169dd84c65-2","template--19138348777814__9bd02de9-7bfd-4ad0-96e5-67788bb95c19-16873521169dd84c65-3"],"settings":{"product":"epdm-compleet-pakket","title":"EPDM Pakket","link_title":"Bekijk product","link_url":"","image_size":"small","enable_image_zoom":false,"enable_video_looping":false,"zoom_effect":"outside","carousel_effect":"fade"}},"collection-list":{"type":"collection-list","blocks":{"collection-3":{"type":"collection","settings":{"collection":"epdm-lijm-kit","image":"shopify:\/\/shop_images\/Lijm-set-compleet_3.png","link":""}},"collection-5":{"type":"collection","settings":{"collection":"ontluchtingen","image":"shopify:\/\/shop_images\/Ontwerp_zonder_titel_41.png","link":""}},"collection-6":{"type":"collection","settings":{"collection":"loodvervanger","image":"shopify:\/\/shop_images\/Ontwerp_zonder_titel_42.png","link":""}},"collection-2":{"type":"collection","settings":{"collection":"montage-materiaal","image":"shopify:\/\/shop_images\/Lijm-set-compleet_2.png","link":""}},"771de43b-871a-4967-9f98-83a7b7136ec8":{"type":"collection","settings":{"collection":"marterprofielen","image":"shopify:\/\/shop_images\/Lijm-set-compleet_4.png","link":""}},"collection-1":{"type":"collection","settings":{"collection":"gereedschap","image":"shopify:\/\/shop_images\/Lijm-set-compleet.png","link":""}}},"block_order":["collection-3","collection-5","collection-6","collection-2","771de43b-871a-4967-9f98-83a7b7136ec8","collection-1"],"settings":{"title":"Een greep uit het assortiment","link_title":"","link":"","round_images":false,"show_collection_title":true}},"blog-posts":{"type":"blog-posts","settings":{"blog":"nieuws","blog_posts_count":3,"title":"Nieuws & Tips","link_title":"Bekijk alle blogs","show_category":true,"show_author":true,"show_date":true,"show_excerpt":false,"stack_mobile":false}},"a904c49c-56d9-477a-836c-dab40c2baab6":{"type":"offers","blocks":{"template--19138348777814__a904c49c-56d9-477a-836c-dab40c2baab6-168735227889490dcd-0":{"type":"offer","settings":{"title":"EPDM bestellen bij Rooftopshop","content":"<p>Rooftopshop is een winkel die gespecialiseerd is in dakmaterialen en biedt een breed assortiment aan EPDM producten aan.<\/p>"}},"template--19138348777814__a904c49c-56d9-477a-836c-dab40c2baab6-168735227889490dcd-1":{"type":"offer","settings":{"title":"Service & Support","content":"<p>Rooftopshop biedt uitstekende service en ondersteuning aan haar klanten. We staan bekend om onze klantgerichtheid en advies.<\/p>"}}},"block_order":["template--19138348777814__a904c49c-56d9-477a-836c-dab40c2baab6-168735227889490dcd-0","template--19138348777814__a904c49c-56d9-477a-836c-dab40c2baab6-168735227889490dcd-1"],"settings":{"items_per_row":2,"stack_mobile":false}},"3ea27daa-6de8-4622-a335-2159455844a7":{"type":"image-with-text","settings":{"image":"shopify:\/\/shop_images\/laptops-ge88bf5e05_1920.webp","image_position":"right","image_width":50,"title":"Zakelijke klant?","content":"<p>Bij de Rooftopshop begrijpen we dat jouw tijd waardevol is. Daarom zorgen wij voor hoogwaardige materialen, eenvoudig bestelgemak en snelle levering. Wij bieden uitgebreid advies wanneer nodig, zodat jij je kunt concentreren op het realiseren van mooie projecten en het tevredenstellen van jouw klanten. Bezoek onze <a href=\"\/pages\/zakelijk\" title=\"\/pages\/zakelijk\">zakelijke pagina<\/a> voor meer informatie over een samenwerking of bel ons direct.<\/p>","button_text":"Bel: 085 060 06 49","button_link":"tel:0850600649"}},"889070c4-142d-43c5-b090-db45be28ad4e":{"type":"text-with-icons","blocks":{"template--19138348777814__889070c4-142d-43c5-b090-db45be28ad4e-1687869482225240a5-0":{"type":"item","settings":{"icon":"bi-credit-card","title":"Betalen op factuur","content":"<p>Zakelijke klanten hebben de mogelijkheid om achteraf op factuur te betalen. Dit kan vanaf de tweede bestelling.<\/p>"}},"template--19138348777814__889070c4-142d-43c5-b090-db45be28ad4e-1687869482225240a5-1":{"type":"item","settings":{"icon":"bi-customer-support","title":"Eigen accountmanager","content":"<p>Bij Rooftopshop heb je als zakelijke relatie een vast aanspreekpunt. Maak snel kennis met jouw vertegenwoordiger.<\/p>"}}},"block_order":["template--19138348777814__889070c4-142d-43c5-b090-db45be28ad4e-1687869482225240a5-0","template--19138348777814__889070c4-142d-43c5-b090-db45be28ad4e-1687869482225240a5-1"],"settings":{"stack_mobile":false}},"b1aea657-bf91-4742-9046-5f6534157a9c":{"type":"collection-with-image","settings":{"collection":"epdm-lijm-kit","products_count":12,"show_quick_buy":false,"background":"#1e2d7d","text_color":"#ffffff","title":"EPDM Lijm & Kit","content":"Hiernaast vind je een collectie van verschillende soorten EPDM lijm en kit die gebruikt kunnen worden voor verschillende toepassingen.","button_background":"#ffffff","button_text_color":"#000000","button_text":"Bekijk de volledige collectie","button_link":""}},"f3a67a81-182f-454c-b5d4-4b59db166472":{"type":"collection-list","blocks":{"template--19138348777814__f3a67a81-182f-454c-b5d4-4b59db166472-16873539831f80728d-1":{"type":"collection","settings":{"collection":"epdm-dakbedekking","image":"shopify:\/\/shop_images\/12_49incl_btwperM2_500x-transformed.png","link":""}},"template--19138348777814__f3a67a81-182f-454c-b5d4-4b59db166472-16873539831f80728d-3":{"type":"collection","settings":{"collection":"epdm-pakketten","image":"shopify:\/\/shop_images\/Ontwerp_zonder_titel_45.png","link":""}},"template--19138348777814__f3a67a81-182f-454c-b5d4-4b59db166472-16873539831f80728d-0":{"type":"collection","settings":{"collection":"dakranden","image":"shopify:\/\/shop_images\/Lijm-set-compleet_7.png","link":""}},"template--19138348777814__f3a67a81-182f-454c-b5d4-4b59db166472-16873539831f80728d-2":{"type":"collection","settings":{"collection":"isolatie","image":"shopify:\/\/shop_images\/iko-enertherm-pir-isolatie.png","link":""}},"template--19138348777814__f3a67a81-182f-454c-b5d4-4b59db166472-16873539831f80728d-4":{"type":"collection","settings":{"collection":"dakgoten","image":"shopify:\/\/shop_images\/Zink-Mastgoot-model-M333-3mtr-removebg-preview.png","link":""}},"template--19138348777814__f3a67a81-182f-454c-b5d4-4b59db166472-16873539831f80728d-5":{"type":"collection","settings":{"collection":"montage-materiaal","image":"shopify:\/\/shop_images\/Lijm-set-compleet_2.png","link":""}}},"block_order":["template--19138348777814__f3a67a81-182f-454c-b5d4-4b59db166472-16873539831f80728d-1","template--19138348777814__f3a67a81-182f-454c-b5d4-4b59db166472-16873539831f80728d-3","template--19138348777814__f3a67a81-182f-454c-b5d4-4b59db166472-16873539831f80728d-0","template--19138348777814__f3a67a81-182f-454c-b5d4-4b59db166472-16873539831f80728d-2","template--19138348777814__f3a67a81-182f-454c-b5d4-4b59db166472-16873539831f80728d-4","template--19138348777814__f3a67a81-182f-454c-b5d4-4b59db166472-16873539831f80728d-5"],"settings":{"title":"","link_title":"View all","link":"","round_images":true,"show_collection_title":true}},"1a808f24-c803-4146-87d3-8592b880c7bc":{"type":"rich-text","settings":{"text_width":"narrow","title":"Maatschappelijk Verantwoord Ondernemen (MVO)","content":"<p>MVO is een belangrijk onderdeel binnen onze bedrijfsvoering. We zetten ons in om duurzame verbeteringen te implementeren, zoals het gebruik maken van milieuvriendelijke materialen en het minimaliseren van ons energieverbruik. We streven naar een positieve impact op het milieu en streven naar een groenere toekomst voor de bouwsector.<\/p>","button_text":"","button_link":"shopify:\/\/collections\/all"}},"195e2f11-9e83-40ee-9535-3d7dc1d38630":{"type":"promotion-list","blocks":{"template--19138348777814__195e2f11-9e83-40ee-9535-3d7dc1d38630-1687354103cbc06ea9-0":{"type":"item","settings":{"image":"shopify:\/\/shop_images\/laptops-ge88bf5e05_1920.webp","show_overlay":true,"overlay_opacity":89,"stretch_image":true,"background":"#aa8cff","text_color":"#ffffff","title":"Zakelijk bestellen","content":"<p>Bij Rooftopshop kan je moeiteloos en snel zakelijke bestellingen plaatsen. Vraag een offerte aan of neem contact op met een van onze specialisten.<\/p>","content_position":"top_left","button_background":"#e6332a","button_text_color":"#ffffff","button_text":"Zakelijke afdeling","button_link":"shopify:\/\/pages\/zakelijk"}},"template--19138348777814__195e2f11-9e83-40ee-9535-3d7dc1d38630-1687354103cbc06ea9-1":{"type":"item","settings":{"image":"shopify:\/\/shop_images\/Dakenshop-Blog-1-September-2020-o1.jpg","show_overlay":true,"overlay_opacity":80,"stretch_image":true,"background":"#fc2a68","text_color":"#ffffff","title":"Duurzame vorm van dakbedekking","content":"<p>EPDM is de meest duurzame vorm van dakdekken, met een lange levensduur en minimale onderhoudsvereisten.<\/p>","content_position":"top_left","button_background":"#e6332a","button_text_color":"#ffffff","button_text":"Bekijk het assortiment","button_link":"shopify:\/\/collections\/epdm-dakbedekking"}},"446906f9-3c7b-4c26-9712-c4207097f44b":{"type":"item","settings":{"image":"shopify:\/\/shop_images\/dakdekker-epdm-dakbedekking_2d7d8037-9429-4619-a07d-1b65b839641b.jpg","show_overlay":true,"overlay_opacity":80,"stretch_image":true,"background":"#00aa00","text_color":"#ffffff","title":"Waarom kiezen voor EPDM?","content":"<p>EPDM is de ideale keuze voor dakbedekking vanwege de lange levensduur, weerbestendigheid en milieuvriendelijkheid. Wil jij weten waarom je beter voor EPDM kan kiezen dan Bitumen? Lees dan vooral onze blog verder!<\/p>","content_position":"top_left","button_background":"#e6332a","button_text_color":"#ffffff","button_text":"Bekijk de volledige blog","button_link":"shopify:\/\/blogs\/nieuws"}}},"block_order":["template--19138348777814__195e2f11-9e83-40ee-9535-3d7dc1d38630-1687354103cbc06ea9-0","template--19138348777814__195e2f11-9e83-40ee-9535-3d7dc1d38630-1687354103cbc06ea9-1","446906f9-3c7b-4c26-9712-c4207097f44b"],"settings":{"expand_items":true,"section_size":"medium","stack_mobile":false}},"2fbb94b4-a079-4eb4-a87d-1b7a010bc7b7":{"type":"custom-html","settings":{"title":"","html":"<h1>Rooftopshop, nummer 1 in EPDM dakbedekking<\/h1>\nBen je nieuwsgierig naar de mogelijkheden om zelf je dak te voorzien van EPDM? Dan ben je bij Rooftopshop op het juiste adres. Dankzij onze ervaring hebben wij ons kunnen specialiseren op het gebied van <strong>EPDM dakbedekking<\/strong> en alles wat hier bij komt kijken. Verder biedt het uitgebreid assortiment van Rooftopshop ook een ruim assortiment aan <a href=\"\/collections\/epdm-dakdoorvoer\" title=\"EPDM dakdoorvoeren\">EPDM dakdoorvoeren<\/a> inclusief de benodigde toebehoren. Ontdek de vele voordelen die EPDM dakbedekking bied en geniet jarenlang van een knap dak.\n<h2>Rooftopshop staat altijd voor je klaar<\/h2>\nRooftopshop staat voor A-kwaliteit. Ons team bestaat uit enthousiaste mensen met ervaring waarmee je verzekerd bent van dé beste kwaliteit. Onze producten zijn snel leverbaar waardoor je snel aan de slag kan. Bestel snel en gemakkelijk online al je dakbenodigdheden bij <strong>Rooftopshop<\/strong>. Wij streven ervoor om de bestelling zo spoedig mogelijk te bezorgen. Kortom, genoeg redenen om je EPDM producten bij Rooftopshop aan te schaffen.\n<h2>Waarom EPDM dakbedekking?<\/h2>\n<a href=\"\/products\/epdm-dakbedekking\" target=\"_blank\" rel=\"noopener\" title=\"EPDM dakbedekking\">EPDM dakbedekking<\/a> is licht in gewicht en zorgt voor een waterdichte afwerking van een plat dak of dak met lichte helling. Het leggen van EPDM dakfolie is over het algemeen geen ingewikkelde klus. Je hoeft dus geen professionele dakdekker te zijn. EPDM dakfolie is milieuvriendelijk en kan gerecycled worden. Het is een sterk en duurzaam product met uitstekende elasticiteit. Een dak met EPDM dakbedekking heeft een minimale levensduur van 50 jaar.\n<h2>Ruim assortiment daktrimmen<\/h2>\n<a href=\"\/collections\/actie-trimmen\" target=\"_blank\" rel=\"noopener\" title=\"Daktrimmen\">Daktrimmen<\/a> zijn te gebruiken wanneer je een dakrand wil afwerken. Daktrimmen komen aan de rand van het dak en zorgen voor een nette afwerking van het dak. Rooftopshop heeft een breed assortiment aan daktrimmen. Zo beschikken wij over normale daktrimmen maar ook kraaltrimmen die voor een sierlijk effect zorgen. Rooftopshop heeft meerdere varianten, zowel voor bitumen daken als EPDM daken. Voor montage op EPDM daken gebruik je <a href=\"\/products\/epdm-ms-polymeer-kit-290ml\" target=\"_blank\" rel=\"noopener\" title=\"MS Polymeerkit\">MS Polymeerkit<\/a> en <a href=\"\/products\/daktrimschroef-rvs-met-neopreen-ring\" target=\"_blank\" rel=\"noopener\" title=\"schroeven met neopreen ring\">schroeven met neopreen ring<\/a> voor een waterdichte afwerking\n<h2>Rooftopshop biedt meer aan dan alleen EPDM<\/h2>\nVoor EPDM kan je bij Rooftopshop goed terecht, maar Rooftopshop biedt meer aan dan alleen EPDM. Bovendien leveren wij alle benodigdheden om zelf je EPDM folie te monteren. Wij bieden bijvoorbeeld <a href=\"\/collections\/epdm-lijm-kit\" target=\"_blank\" rel=\"noopener\" title=\"EPDM lijm &amp; kit\">EPDM lijm &amp; kit<\/a> voor het monteren van dakdoorvoeren en het bevestigen van je dakbedekking. Ook bieden wij EPDM pakketten aan, deze <a href=\"\/products\/epdm-compleet-pakket\" target=\"_blank\" rel=\"noopener\" title=\"EPDM pakketten\">EPDM pakketten<\/a> zijn voorzien van alle benodigdheden zodat jij gelijk aan de slag kan. Je kan je compleet pakket in enkele stappen samenstellen."}},"c4cf03c3-9c2b-47ca-b7e3-4c2933ae148a":{"type":"newsletter","settings":{"title":"Nieuwsbrief Rooftopshop","content":"<p>Door te abonneren op onze nieuwsbrief blijf je op de hoogte van al onze aanbiedingen en nieuwe producten!<\/p>","background":"#f3f5f6","text":"#000000"}}},"order":["3901a4a7-5dfa-4097-a834-b3fe520ab2df","894d3443-d875-42dd-833b-bc603dc351ce","slideshow","b53e5fc1-2792-4d78-ae78-07e71704a8b8","a0cecf97-8983-4ecd-ac4b-95d89eb0c4ac","featured-collection","b6fd9a02-a61c-411e-80d3-fd28e29be50c","9bd02de9-7bfd-4ad0-96e5-67788bb95c19","collection-list","blog-posts","a904c49c-56d9-477a-836c-dab40c2baab6","3ea27daa-6de8-4622-a335-2159455844a7","889070c4-142d-43c5-b090-db45be28ad4e","b1aea657-bf91-4742-9046-5f6534157a9c","f3a67a81-182f-454c-b5d4-4b59db166472","1a808f24-c803-4146-87d3-8592b880c7bc","195e2f11-9e83-40ee-9535-3d7dc1d38630","2fbb94b4-a079-4eb4-a87d-1b7a010bc7b7","c4cf03c3-9c2b-47ca-b7e3-4c2933ae148a"]}