{"sections":{"main":{"type":"main-page","settings":{}},"599a5f96-3155-4afb-ad8d-0429b9c2a071":{"type":"quick-links","blocks":{"template--19162944864598__599a5f96-3155-4afb-ad8d-0429b9c2a071-168778159649c0b7eb-0":{"type":"link","settings":{"title":"Handleidingen","link":"shopify:\/\/pages\/handleidingen"}},"template--19162944864598__599a5f96-3155-4afb-ad8d-0429b9c2a071-168778159649c0b7eb-2":{"type":"link","settings":{"title":"Contactformulier","link":"shopify:\/\/pages\/klantenservice"}},"template--19162944864598__599a5f96-3155-4afb-ad8d-0429b9c2a071-168778159649c0b7eb-1":{"type":"link","settings":{"title":"Garantie","link":"shopify:\/\/pages\/verzending-garantie-retour"}},"template--19162944864598__599a5f96-3155-4afb-ad8d-0429b9c2a071-168778159649c0b7eb-3":{"type":"link","settings":{"title":"Klachten","link":"shopify:\/\/pages\/verzending-garantie-retour"}},"template--19162944864598__599a5f96-3155-4afb-ad8d-0429b9c2a071-168778159649c0b7eb-5":{"type":"link","settings":{"title":"Retourneren","link":"shopify:\/\/pages\/verzending-garantie-retour"}}},"block_order":["template--19162944864598__599a5f96-3155-4afb-ad8d-0429b9c2a071-168778159649c0b7eb-0","template--19162944864598__599a5f96-3155-4afb-ad8d-0429b9c2a071-168778159649c0b7eb-2","template--19162944864598__599a5f96-3155-4afb-ad8d-0429b9c2a071-168778159649c0b7eb-1","template--19162944864598__599a5f96-3155-4afb-ad8d-0429b9c2a071-168778159649c0b7eb-3","template--19162944864598__599a5f96-3155-4afb-ad8d-0429b9c2a071-168778159649c0b7eb-5"],"settings":{"title":"Snelle linkjes","expand_items":true,"show_desktop":true,"link_title":"","link":""}},"de142eee-5811-42fe-8fc4-0a234328dca3":{"type":"promotion-list","blocks":{"template--19162944864598__de142eee-5811-42fe-8fc4-0a234328dca3-1687782009374a6b6a-0":{"type":"item","settings":{"image":"shopify:\/\/shop_images\/callcenter_8c59877c-796b-40d0-984c-63a649aa4cad.png","show_overlay":true,"overlay_opacity":89,"stretch_image":true,"background":"#ffffff","text_color":"#ffffff","title":"Direct contact?","content":"<p>Onze adviseurs staan je graag te woord, bereikbaar op werkdagen van 09:00 tot 17:00.<\/p>","content_position":"top_left","button_background":"#e6332a","button_text_color":"#ffffff","button_text":"Neem contact met ons op","button_link":"tel:0850600649"}},"template--19162944864598__de142eee-5811-42fe-8fc4-0a234328dca3-1687782009374a6b6a-1":{"type":"item","settings":{"image":"shopify:\/\/shop_images\/stapler-g943bbd265_1920_0ed3ef8c-ede6-4c10-a4e7-1aa1bab11c4d.jpg","show_overlay":true,"overlay_opacity":81,"stretch_image":true,"background":"#ffffff","text_color":"#ffffff","title":"Offerte","content":"<p>Voor het aanvragen van een offerte kan je ons offerteformulier invullen. Je krijgt binnen 24 uur een reactie!<\/p>","content_position":"top_left","button_background":"#e6332a","button_text_color":"#ffffff","button_text":"Offerte aanvragen","button_link":"shopify:\/\/pages\/offerte-aanvragen"}},"template--19162944864598__de142eee-5811-42fe-8fc4-0a234328dca3-1687782009374a6b6a-2":{"type":"item","settings":{"image":"shopify:\/\/shop_images\/ANP_postnl_pakket_bus_bezorger_pakketbus_bezorgen.jpg","show_overlay":true,"overlay_opacity":83,"stretch_image":true,"background":"#ffffff","text_color":"#ffffff","title":"Verzendinformatie","content":"<p>Alle informatie omtrent de verzendkosten, levertijden en overige transportvragen vind je op onze verzendinformatie-pagina.<\/p>","content_position":"top_left","button_background":"#e6332a","button_text_color":"#ffffff","button_text":"Verzendinformatie","button_link":"shopify:\/\/pages\/verzendinformatie"}},"023634c1-b804-4f0f-945c-4846c38ac5b8":{"type":"item","settings":{"image":"shopify:\/\/shop_images\/faq-632c0874710c1-sej.png","show_overlay":true,"overlay_opacity":83,"stretch_image":true,"background":"#ffffff","text_color":"#ffffff","title":"Veelgestelde vragen","content":"<p>We vertellen je graag meer over onze werkwijze, producten en services. Bekijk onze veelgestelde vragen hieronder.<\/p>","content_position":"top_left","button_background":"#e6332a","button_text_color":"#ffffff","button_text":"FAQ","button_link":"shopify:\/\/pages\/faq"}},"68aec533-bf0a-46e1-9b03-4f96c35027d3":{"type":"item","settings":{"image":"shopify:\/\/shop_images\/ThinkstockPhotos-503568560-Juridisch-Advies.jpg","show_overlay":true,"overlay_opacity":80,"stretch_image":true,"background":"#000000","text_color":"#ffffff","title":"Juridisch","content":"<p>Ben jij op zoek naar onze wettelijke informatie? In onze juridische kennisbank vind je alles omtrent de Algemene voorwaarden, ons Privacybeleid en alle overige juridische documenten.<\/p>","content_position":"top_left","button_background":"#e6332a","button_text_color":"#ffffff","button_text":"Bekijk juridische documenten","button_link":"shopify:\/\/pages\/juridische-kennisgeving"}},"b50e23ed-41fa-4d55-9fee-e51aae6e4f7c":{"type":"item","settings":{"image":"shopify:\/\/shop_images\/5ksfgtkyi39r-garantie-2-1127.jpg","show_overlay":true,"overlay_opacity":80,"stretch_image":true,"background":"#000000","text_color":"#ffffff","title":"Garantie, klachten & retour","content":"<p>Op deze pagina vind je alles wat je moet weten over ons retourbeleid, onze klachtenafhandeling en de garantie op onze producten<\/p>","content_position":"top_left","button_background":"#e6332a","button_text_color":"#ffffff","button_text":"Lees meer","button_link":"shopify:\/\/pages\/verzending-garantie-retour"}},"362ca92b-bb6b-4cae-87c2-29a79500606d":{"type":"item","settings":{"image":"shopify:\/\/shop_images\/book-gf06559710_1920_8f50aee1-7d27-4681-90aa-3f952ef64445.jpg","show_overlay":true,"overlay_opacity":83,"stretch_image":true,"background":"#000000","text_color":"#ffffff","title":"Montagehandleidingen","content":"<p>Hier vind je alle informatie over het  monteren van: EPDM, Daktrimmen, PIR isolatie, dakdoorvoeren en nog veel meer. Rooftopshop heeft een specialistische kennisbank ontwikkeld voor al jouw vragen.<\/p>","content_position":"top_left","button_background":"#e6332a","button_text_color":"#ffffff","button_text":"Bekijk alle handleidingen","button_link":"shopify:\/\/blogs\/handleidingen"}},"d338a876-9d68-4dfe-aa31-12236bea3cca":{"type":"item","settings":{"image":"shopify:\/\/shop_images\/aluminium-daktrimset-recht-tbv-plat-dak-maximale-dakmaat-350-x-350-cm_1.jpg","show_overlay":true,"overlay_opacity":77,"stretch_image":true,"background":"#000000","text_color":"#ffffff","title":"Welke daktrim?","content":"<p>Rooftopshop verkoopt verschillende soorten daktrimmen. Wil jij weten welke daktrim je nodig hebt? Check dan onze uitgebreide keuze-handleiding!<\/p>","content_position":"top_left","button_background":"#e6332a","button_text_color":"#ffffff","button_text":"Welke daktrim heb ik nodig?","button_link":"shopify:\/\/pages\/welke-daktrim"}},"34e761e6-fb02-40ed-80bb-fef6dd8be95e":{"type":"item","settings":{"image":"shopify:\/\/shop_images\/laptops-ge88bf5e05_1920.webp","show_overlay":true,"overlay_opacity":95,"stretch_image":true,"background":"#000000","text_color":"#ffffff","title":"Zakelijk | Groothandel","content":"<p>Rooftopshop is dé groothandel in hoogwaardige EPDM producten voor dakbedekking. Neem contact op met een van onze accountmanagers en ontdek hoe Rooftopshop jou kan helpen bij succesvolle dakprojecten.<\/p>","content_position":"top_left","button_background":"#e6332a","button_text_color":"#ffffff","button_text":"Lees meer over zakelijk bestellen","button_link":"shopify:\/\/pages\/zakelijk"}}},"block_order":["template--19162944864598__de142eee-5811-42fe-8fc4-0a234328dca3-1687782009374a6b6a-0","template--19162944864598__de142eee-5811-42fe-8fc4-0a234328dca3-1687782009374a6b6a-1","template--19162944864598__de142eee-5811-42fe-8fc4-0a234328dca3-1687782009374a6b6a-2","023634c1-b804-4f0f-945c-4846c38ac5b8","68aec533-bf0a-46e1-9b03-4f96c35027d3","b50e23ed-41fa-4d55-9fee-e51aae6e4f7c","362ca92b-bb6b-4cae-87c2-29a79500606d","d338a876-9d68-4dfe-aa31-12236bea3cca","34e761e6-fb02-40ed-80bb-fef6dd8be95e"],"settings":{"expand_items":true,"section_size":"medium","stack_mobile":false}},"04c28134-dee3-4319-901d-199f12dd5aba":{"type":"contact-form","settings":{"form_heading":"Contactformulier","form_content":"","show_store_info":true,"store_heading":"","store_info":"<p><strong>Rooftopshop<br\/><\/strong>Het Arsenaal 32B<br\/>1781 XP Den Helder<br\/><strong>T:<\/strong> <a href=\"tel:0850600649\" target=\"_blank\" title=\"Call 0850600649 with 3CX Click to Call\">085 - 060 06 49<br\/><\/a><strong>E:<\/strong> <a href=\"mailto:info@rooftopshop.nl\" target=\"_blank\" title=\"E-mail Rooftopshop\">info@rooftopshop.nl<\/a><br\/><\/p><p><strong>KvK:<\/strong> 76950662<br\/><strong>BTW-id:<\/strong> NL860850924B01<br\/><strong>IBAN:<\/strong> NL43 RABO 0354 7244 01<\/p>"}}},"order":["main","599a5f96-3155-4afb-ad8d-0429b9c2a071","de142eee-5811-42fe-8fc4-0a234328dca3","04c28134-dee3-4319-901d-199f12dd5aba"]}