{"sections":{"main":{"type":"main-page","settings":{}},"a1b000d0-87e5-443f-9dc1-2d10cb6bc72a":{"type":"promotion-list","blocks":{"template--19211747754326__a1b000d0-87e5-443f-9dc1-2d10cb6bc72a-168848264354b16ce6-0":{"type":"item","settings":{"image":"shopify:\/\/shop_images\/algemene-voorwaarden.png","show_overlay":true,"overlay_opacity":100,"stretch_image":true,"background":"#6f42ef","text_color":"#ffffff","title":"Algemene voorwaarden","content":"<p>Hier vind je onze Algemene Voorwaarden waarin we beschrijven hoe we met jouw gegevens omgaan en andere belangrijke aspecten van onze organisatie.<\/p>","content_position":"top_left","button_background":"#e6332a","button_text_color":"#ffffff","button_text":"Algemene voorwaarden","button_link":"shopify:\/\/policies\/terms-of-service"}},"template--19211747754326__a1b000d0-87e5-443f-9dc1-2d10cb6bc72a-168848264354b16ce6-1":{"type":"item","settings":{"image":"shopify:\/\/shop_images\/security-800x608.jpg","show_overlay":true,"overlay_opacity":100,"stretch_image":true,"background":"#fc2a68","text_color":"#ffffff","title":"Privacybeleid","content":"<p>Lees onze privacyverklaring waarin we beschrijven hoe we jouw persoonlijke gegevens verwerken. <\/p>","content_position":"top_left","button_background":"#e6332a","button_text_color":"#ffffff","button_text":"Privacy policy","button_link":"shopify:\/\/policies\/privacy-policy"}},"template--19211747754326__a1b000d0-87e5-443f-9dc1-2d10cb6bc72a-168848264354b16ce6-2":{"type":"item","settings":{"image":"shopify:\/\/shop_images\/disclaimer.jpg","show_overlay":true,"overlay_opacity":85,"stretch_image":true,"background":"#26c1ce","text_color":"#ffffff","title":"Disclaimer","content":"<p>Raadpleeg onze disclaimer, waarin we belangrijke juridische informatie verstrekken over het gebruik van onze website of diensten.<\/p>","content_position":"top_left","button_background":"#e6332a","button_text_color":"#ffffff","button_text":"Disclaimer","button_link":"shopify:\/\/policies\/legal-notice"}}},"block_order":["template--19211747754326__a1b000d0-87e5-443f-9dc1-2d10cb6bc72a-168848264354b16ce6-0","template--19211747754326__a1b000d0-87e5-443f-9dc1-2d10cb6bc72a-168848264354b16ce6-1","template--19211747754326__a1b000d0-87e5-443f-9dc1-2d10cb6bc72a-168848264354b16ce6-2"],"settings":{"expand_items":true,"section_size":"small","stack_mobile":false}}},"order":["main","a1b000d0-87e5-443f-9dc1-2d10cb6bc72a"]}