{"sections":{"main":{"type":"main-page","settings":{}},"35ebb75e-78d7-4f3e-abf0-b339d12b3dd5":{"type":"faq","blocks":{"template--19243617583446__35ebb75e-78d7-4f3e-abf0-b339d12b3dd5-1689064483a6e46ee2-0":{"type":"separator","settings":{"title":"Verzendkosten"}},"template--19243617583446__35ebb75e-78d7-4f3e-abf0-b339d12b3dd5-1689064483a6e46ee2-1":{"type":"question","settings":{"title":"Verzendkosten Nederland en België","answer":"<p>Normaal transport: De verzendkosten zijn € 9,95. Vanaf € 195,- is de verzending gratis.<br\/>Groot transport*: De verzendkosten zijn € 19,95. Vanaf € 195,- is de verzending gratis.<\/p>"}},"template--19243617583446__35ebb75e-78d7-4f3e-abf0-b339d12b3dd5-1689064483a6e46ee2-2":{"type":"question","settings":{"title":"Verzendkosten Duitsland","answer":"<p>Normaal transport: De verzendkosten zijn € 24,95. Vanaf € 495,- is de verzending gratis.<br\/>Groot transport*: De verzendkosten zijn € 49,95. Vanaf € 495,- is de verzending gratis.<\/p>"}},"template--19243617583446__35ebb75e-78d7-4f3e-abf0-b339d12b3dd5-1689064483a6e46ee2-3":{"type":"question","settings":{"title":"Verzendkosten Luxemburg","answer":"<p>Normaal transport: De verzendkosten zijn € 24,95. Vanaf € 495,- is de verzending gratis.<br\/>Groot transport*: De verzendkosten zijn € 49,95. Vanaf € 495,- is de verzending gratis.<\/p>"}},"e8150a4e-a3f1-4654-8949-76a5ace61540":{"type":"question","settings":{"title":"Wat valt er onder *Groot transport?","answer":"<p>*Groot transport: onder groot transport vallen alle artikelen uit de volgende collecties: Daktrim Universeel, Daktrim EPDM, Kraaltrim Universeel, Kraaltrim EPDM, Renovatie daktrim, Deklijsten en Knelprofielen. Alle andere artikelen van Rooftopshop vallen onder normaal transport.<\/p>"}},"template--19243617583446__35ebb75e-78d7-4f3e-abf0-b339d12b3dd5-1689064483a6e46ee2-4":{"type":"separator","settings":{"title":"Vragen over de levering"}},"74f46bbe-9684-464b-b7ea-8186b7ee6a63":{"type":"question","settings":{"title":"Wat is de levertijd?","answer":"<p>De levertijd van Rooftopshop is in de meeste gevallen niet meer dan 3 werkdagen. Hier gelden uitzonderingen voor:<br\/><\/p><ul><li>Datrimmen die nog gepoedercoat moeten worden.<\/li><\/ul><p><\/p><ul><li>EPDM snijstukken boven 50 kilo.<br\/><\/li><\/ul><p>Afhankelijk van de bestelde producten kunnen er deel-leveringen plaats vinden.<\/p>"}},"template--19243617583446__35ebb75e-78d7-4f3e-abf0-b339d12b3dd5-1689064483a6e46ee2-6":{"type":"question","settings":{"title":"Kan ik een afwijkend afleveradres opgeven?","answer":"<p>Ja, dit is mogelijk binnen het bestelproces. In het bestelproces wordt gevraagd naar een 'bezorgadres'. Dit is het adres waar Rooftopshop je bestelling zal afleveren.<\/p>"}},"template--19243617583446__35ebb75e-78d7-4f3e-abf0-b339d12b3dd5-1689064483a6e46ee2-5":{"type":"question","settings":{"title":"Hoe weet ik wanneer mijn bestelling geleverd zal worden?","answer":"<p>Je wordt een paar dagen voor levering per e-mail geïnformeerd over de exacte leverdatum van je bestelling. Ben je na 5 werkdagen nog niet geïnformeerd? Stuur ons een e-mail naar<a href=\"mailto:info@rooftopshop.nl\" title=\"Rooftopshop\">info@rooftopshop.nl<\/a>. Dan informeren wij je graag.<\/p>"}}},"block_order":["template--19243617583446__35ebb75e-78d7-4f3e-abf0-b339d12b3dd5-1689064483a6e46ee2-0","template--19243617583446__35ebb75e-78d7-4f3e-abf0-b339d12b3dd5-1689064483a6e46ee2-1","template--19243617583446__35ebb75e-78d7-4f3e-abf0-b339d12b3dd5-1689064483a6e46ee2-2","template--19243617583446__35ebb75e-78d7-4f3e-abf0-b339d12b3dd5-1689064483a6e46ee2-3","e8150a4e-a3f1-4654-8949-76a5ace61540","template--19243617583446__35ebb75e-78d7-4f3e-abf0-b339d12b3dd5-1689064483a6e46ee2-4","74f46bbe-9684-464b-b7ea-8186b7ee6a63","template--19243617583446__35ebb75e-78d7-4f3e-abf0-b339d12b3dd5-1689064483a6e46ee2-6","template--19243617583446__35ebb75e-78d7-4f3e-abf0-b339d12b3dd5-1689064483a6e46ee2-5"],"settings":{"show_contact_info":true,"contact_info_heading":"Heb je andere vragen over leveringen?","contact_info_text":"<p>Is je vraag nog niet beantwoord? We helpen je graag verder, hieronder vind je onze contact gegevens.<\/p>","contact_1_icon":"bi-phone","contact_1_heading":"Klantenservice","contact_1_text":"<p><a href=\"tel:085-060 06 49\" title=\"085-060 06 49\">085 - 060 06 49<\/a><\/p>","contact_2_icon":"bi-email","contact_2_heading":"Stuur ons een e-mail","contact_2_text":"<p><a href=\"mailto:info@rooftopshop.nl\" title=\"info@rooftopshop.nl\">info@rooftopshop.nl<\/a><\/p>"}}},"order":["main","35ebb75e-78d7-4f3e-abf0-b339d12b3dd5"]}