{"sections":{"main":{"type":"main-page","settings":{}},"a88d1ac3-9aa5-44d2-9bfe-4564e5b76137":{"type":"rich-text","custom_css":[],"settings":{"text_width":"narrow","title":"","content":"<p>Rooftopshop verkoopt verschillende soorten daktrimmen. Op deze pagina leggen wij uit welke daktrim voor jou geschikt is. Naast de vele soorten daktrimmen, verkopen we ook diverse maatvoeringen. Bekijk ons complete assortiment om de beste keuze voor jouw dak te maken! <\/p>","button_text":"","button_link":""}},"b746ec0f-e090-4f1b-ad06-0656f8f99ef5":{"type":"image-with-text","settings":{"image":"shopify:\/\/shop_images\/daktrimmen_2.png","image_position":"left","image_width":50,"title":"Doe-Het-Zelf daktrim","content":"<p>Ben je op zoek naar een snelle en gemakkelijke manier om je dak de perfecte afwerking te geven? Kies dan voor de speciaal ontworpen <a href=\"https:\/\/www.rooftopshop.nl\/products\/doe-het-zelf-daktrim\" target=\"_blank\" title=\"Doe-Het-Zelf Daktrim 57 x 45\">daktrim van Rooftopshop<\/a>. Te gebruiken op <span style=\"text-decoration:underline\">alleen<\/span> EPDM. <\/p><p>Met deze innovatieve dakafwerkingsoplossing zorg je ervoor dat je dak niet alleen beschermd is, maar er ook strak en verzorgd uitziet.<\/p>","button_text":"Ontdek deze daktrim","button_link":"shopify:\/\/products\/doe-het-zelf-daktrim"}},"d190fb3c-d3d5-4894-8af6-e433faa9d0f1":{"type":"image-with-text","settings":{"image":"shopify:\/\/shop_images\/daktrimmen_3.png","image_position":"right","image_width":50,"title":"Daktrim Universeel","content":"<p>De <a href=\"https:\/\/www.rooftopshop.nl\/collections\/daktrim-universeel\" target=\"_blank\">universele daktrim<\/a> is toepasbaar op bitumen en EPDM daken.<\/p><p>Op een bitumen dak wordt de dakbedekking over het horizontale geribbelde brandvlak bevestigd voor de montage. <\/p><p>Bij een EPDM dak monteer je de daktrim door deze erop te lijmen. Je gebruikt <a href=\"https:\/\/www.rooftopshop.nl\/collections\/epdm-lijm-kit\/products\/epdm-ms-polymeer-kit-290ml\" target=\"_blank\">MS Polymeer kit<\/a> om de onderkant van het horizontale geribbeld vlak te verlijmen op de dakbedekking. Daarnaast moeten de daktrimmen vast worden geschroefd op het dak met <a href=\"https:\/\/www.rooftopshop.nl\/collections\/schroeven\/products\/daktrimschroef-rvs-met-neopreen-ring\" target=\"_blank\">daktrimschroeven<\/a>. Wij adviseren negen schroeven per daktrim en vier schroeven per hoek. Het is aan te raden de daktrimmen voor montage voor te boren.<\/p>","button_text":"","button_link":""}},"ad7874f3-0b3e-491e-ab2e-687c9b9f924d":{"type":"image-with-text","settings":{"image":"shopify:\/\/shop_images\/daktrimmen_4.png","image_position":"left","image_width":50,"title":"Daktrim EPDM","content":"<p>De <a href=\"https:\/\/www.rooftopshop.nl\/collections\/daktrim-epdm\" target=\"_blank\">daktrimmen voor EPDM <\/a>zijn speciaal gemaakt voor EPDM (en ook PVC en TPO) daken. De daktrimmen zijn voorzien van een ingeplakte strook kroonbandrubber voor een waterdichte aansluiting op de dakbedekking. De daktrimmen worden voorgeboord geleverd met voldoende schroeven met waterdichte sluitringen. Het gebruik van kit is niet nodig.<\/p>","button_text":"EPDM Daktrimmen","button_link":"shopify:\/\/collections\/daktrim-epdm"}},"6e712f99-0757-46b6-a6aa-181b1dd6fa67":{"type":"image-with-text","settings":{"image":"shopify:\/\/shop_images\/daktrimmen_5.png","image_position":"right","image_width":50,"title":"Kraaltrimmen","content":"<p>Een kraaltrim is een daktrim waarbij het verticale zichtvlak niet recht is, maar in een ronding loopt. Hierdoor krijg je een ronde dakrandafwerking. De meeste mensen kiezen dit voor een sierlijk effect.<\/p><p>De kraaltrimmen zijn net als bij 'normale' daktrimmen verkrijgbaar als <a href=\"https:\/\/www.rooftopshop.nl\/collections\/kraaltrim-universeel\" target=\"_blank\">universele variant<\/a> en een <a href=\"https:\/\/www.rooftopshop.nl\/collections\/kraaltrim-epdm\" target=\"_blank\">variant voor EPDM<\/a>.<\/p>","button_text":"","button_link":""}},"af1563d4-c019-4c9e-8de6-adb273e64c37":{"type":"featured-collection","settings":{"collection":"daktrimmen","title":"Uitgelichte daktrimmen","products_count":12,"layout":"vertical","stack_products":false,"show_quick_buy":false,"link_title":"","link_url":""}}},"order":["main","a88d1ac3-9aa5-44d2-9bfe-4564e5b76137","b746ec0f-e090-4f1b-ad06-0656f8f99ef5","d190fb3c-d3d5-4894-8af6-e433faa9d0f1","ad7874f3-0b3e-491e-ab2e-687c9b9f924d","6e712f99-0757-46b6-a6aa-181b1dd6fa67","af1563d4-c019-4c9e-8de6-adb273e64c37"]}