{"sections":{"main":{"type":"main-page","settings":{}},"faq":{"type":"faq","blocks":{"separator-1":{"type":"separator","settings":{"title":"Bestellen en verzenden"}},"question-2":{"type":"question","settings":{"title":"Wat is de levertijd?","answer":"<p>De levertijd varieert per artikel. In de meeste gevallen is de levertijd 1 - 3 werkdagen. Bij ieder artikel vind je in de productomschrijving een (indicatieve) levertijd.<\/p><p>Soms wil je het voorkomen dat Rooftopshop jouw bestelling in twee leveringen bezorgd om ervoor te zorgen dat je nooit te lang op de artikelen hoeft te wachten. De levering kan via meerdere transporteurs verlopen. Zo bezorgen wij met PostNL, Transmission, eigen vervoer of andere vervoerders.<\/p>"}},"151b436a-5486-4c51-888e-c7dc5f423af9":{"type":"question","settings":{"title":"Wat zijn de verzendkosten?","answer":"<p>Rooftopshop levert alle artikelen in Nederland en België. De verzendkosten zijn als volgt:<\/p><p><span style=\"text-decoration:underline\">Nederland<\/span><br\/>Normaal transport: De verzendkosten zijn 9,95. Vanaf 195,- is de verzending gratis.<br\/>Groot transport*: De verzendkosten zijn 19,95. Vanaf 195,- is de verzending gratis.<\/p><p><span style=\"text-decoration:underline\">België<\/span><br\/>Normaal transport: De verzendkosten zijn 9,95. Vanaf 195,- is de verzending gratis.<br\/>Groot transport*: De verzendkosten zijn 19,95. Vanaf 195,- is de verzending gratis.<\/p><p><\/p><p><em>* Onder groot transport vallen de artikelen uit de volgende collecties: daktrimmen, kraaltrimmen, deklijsten en knelprofielen.<\/em><\/p>"}},"question-3":{"type":"question","settings":{"title":"Van welke transporteurs maken jullie gebruik?","answer":"<p>De levering kan via meerdere transporteurs verlopen. Zo bezorgen wij met PostNL, Transmission, eigen vervoer of andere vervoerders. Wij kiezen altijd de beste oplossing voor de klant zodat jij profiteert van de kortste levertijd.<\/p>"}},"question-1":{"type":"question","settings":{"title":"Moet ik thuis zijn voor een levering?","answer":"<p>Het meest handig is wanneer je thuis bent bij levering. De meeste vervoerders zullen wanneer je niet thuis bent de bestelling afleveren bij de buren of op een later tijdstip bezorgen.<\/p><p>Bij Groot Transport (waaronder daktrimmen, isolatie en dergelijke) kunt u aangeven of u wel\/geen neerzettoestemming geeft. Dit kunt u per e-mail aan ons kenbaar maken. Wanneer u voor dergelijke artikelen neerzettoestemming geeft, zullen wij dit nabij uw woning plaatsen op de dag van levering.<\/p>"}},"84ea6223-24c7-49f9-a3c5-2ee922c3d97c":{"type":"question","settings":{"title":"Hoe kan ik afrekenen en betalen?","answer":"<p>Rooftopshop maakt gebruik van diverse betaalmogelijkheden, waaronder: iDeal, Apple Pay, Google Pay, Mastercard, Maestro, PayPal, Visa en Bancontact.<\/p>"}},"49779be1-267e-4beb-b0f3-9ba72e47359a":{"type":"question","settings":{"title":"Kan ik als particulier bestellen?","answer":"<p>Ook particuliere klanten zijn welkom bij Rooftopshop. Al onze prijzen in de webwinkel zijn incuslief btw. <\/p>"}},"separator-2":{"type":"separator","settings":{"title":"Bestelproces"}},"question-4":{"type":"question","settings":{"title":"Kan ik als zakelijke klant bestellen?","answer":"<p>Ja, wij hebben samenwerkingen voor zakelijke klanten. Zie onze <a href=\"\/pages\/zakelijk\" title=\"Zakelijk\">zakelijke pagina<\/a> voor meer informatie over zakelijk inkopen.<\/p>"}},"e494b197-103d-4a9e-aea6-c1659182dea4":{"type":"question","settings":{"title":"Kan ik een zakelijke korting ontvangen?","answer":"<p>Ja, voor zakelijke relaties hebben wij op maat gemaakte tarieven. Hier vind je een link naar onze <a href=\"\/pages\/zakelijk\" title=\"Zakelijk\">zakelijke pagina<\/a>, waar je meer informatie kunnen vinden over het zakelijk bestellen. Hier zijn de belangrijkste voorwaarden voor zakelijke bestellingen:<\/p><ol><li>Btw-nummer: je moet over een geldig btw-nummer beschikken om gebruik te kunnen maken van de zakelijke korting.<\/li><li>KvK-nummer: Ook is een relevante KvK-inschrijving vereist. <\/li><\/ol>"}},"0aaa41a5-87b2-4089-aeeb-9339466322cb":{"type":"question","settings":{"title":"Is mijn bestelling goed ontvangen?","answer":"<p>Van iedere bestelling krijg je per e-mail een bestelbevestiging. Wanneer je deze hebt ontvangen kan je er vanuit gaan dat je bestelling in goede orde is ontvangen. <\/p><p>Zie je geen bestelbevestiging in je e-mail? Wacht dan nog 10 minuten of kijk in je spambox. Mocht je na een half uur nog steeds geen bestelbevestiging hebben ontvangen, neem dan <a href=\"\/pages\/klantenservice\/\" target=\"_blank\" title=\"\/pages\/klantenservice\/\">contact <\/a>met ons op.<\/p>"}},"131a8f48-bb9a-4185-a071-4b162037eb91":{"type":"question","settings":{"title":"Ik heb een beschadigd artikel ontvangen, wat nu?","answer":"<p>Ondanks de hoge zorgvuldigheid kan dit helaas voorkomen. Wij verzoeken je dit zo snel mogelijk bij ons kenbaar te maken. Stuur in dit geval een e-mail (het liefst met foto's) naar info@rooftopshop.nl.<\/p>"}},"df5a7b4f-37e7-49db-b765-08fe1d49f080":{"type":"question","settings":{"title":"Kan ik een afwijkend afleveradres opgeven?","answer":"<p>Ja, dit is mogelijk binnen het bestelproces. In het bestelproces wordt gevraagd naar een 'bezorgadres'. Dit is het adres waar Rooftopshop je bestelling zal afleveren.<\/p>"}},"2dee680f-f0d5-4262-8705-8340d06de50a":{"type":"separator","settings":{"title":"Overige vragen"}},"question-5":{"type":"question","settings":{"title":"Kan ik mijn product ook in een andere afwerking krijgen?","answer":"<p>Indien van toepassing kan je bij het bestellen van een artikel de gewenste afwerking kiezen. Staat de gewenste afwerking er niet bij? Vraag dan een <a href=\"https:\/\/www.rooftopshop.nl\/pages\/offerte-aanvragen\" title=\"Offerte aanvragen\">offerte <\/a>aan.<\/p>"}},"184b69bf-d869-4e43-9465-2bb268622360":{"type":"question","settings":{"title":"Kan ik een offerte opvragen?","answer":"<p>Alle prijzen staan bij onze producten. Wij bieden iedereen de meest scherpe prijs. Natuurlijk zijn er in bepaalde omstandigheden meer mogelijkheden. Bijvoorbeeld wanneer het gaat om een grote afname of een terugkerende (zakelijke) relatie. Wil je een offerte ontvangen? Dan kan je ons <a href=\"\/pages\/offerte-aanvragen\" title=\"Offerte aanvragen\">offerte formulier <\/a>invullen.<\/p>"}},"48c203ab-6eeb-4031-8f87-1ff83528b271":{"type":"question","settings":{"title":"Kan ik samples\/proefstukken ontvangen?","answer":"<p>In de meeste gevallen is dit mogelijk. Om samples of proefstukken te ontvangen kan je dit het beste opvragen via een e-mail aan info@rooftopshop.nl.<\/p>"}}},"block_order":["separator-1","question-2","151b436a-5486-4c51-888e-c7dc5f423af9","question-3","question-1","84ea6223-24c7-49f9-a3c5-2ee922c3d97c","49779be1-267e-4beb-b0f3-9ba72e47359a","separator-2","question-4","e494b197-103d-4a9e-aea6-c1659182dea4","0aaa41a5-87b2-4089-aeeb-9339466322cb","131a8f48-bb9a-4185-a071-4b162037eb91","df5a7b4f-37e7-49db-b765-08fe1d49f080","2dee680f-f0d5-4262-8705-8340d06de50a","question-5","184b69bf-d869-4e43-9465-2bb268622360","48c203ab-6eeb-4031-8f87-1ff83528b271"],"settings":{"show_contact_info":true,"contact_info_heading":"Heb je nog steeds een vraag?","contact_info_text":"<p>Is je vraag nog niet beantwoord? We helpen je graag verder. Hieronder vind je onze contact gegevens.<\/p>","contact_1_icon":"bi-phone","contact_1_heading":"Klantenservice","contact_1_text":"<p><a href=\"tel:0850600649\" target=\"_blank\" title=\"tel:0850600649\">085-060 06 49<\/a><\/p>","contact_2_icon":"bi-email","contact_2_heading":"Stuur ons een e-mail","contact_2_text":"<p><a href=\"mailto:info@rooftopshop.nl\" title=\"info@rooftopshop.nl\">info@rooftopshop.nl<\/a><\/p>"}}},"order":["main","faq"]}