{"sections":{"main":{"type":"main-page","settings":{}},"262043ab-a139-4d46-8ce5-d4908a17a01f":{"type":"image-with-text","settings":{"image":"shopify:\/\/shop_images\/Over_ons.jpg","image_position":"left","image_width":50,"title":"Over Rooftopshop ","content":"<p>Rooftopshop is een toonaangevende groothandel in EPDM-producten en daktrimmen. Wij zijn trots op onze uitgebreide kennis en ervaring op dit gebied. Onze producten voldoen aan de hoogste kwaliteitsnormen en we streven ernaar om altijd de beste oplossingen te bieden aan onze klanten.<\/p>","button_text":"","button_link":"shopify:\/\/collections\/all"}},"4e41cfaa-e786-4c6f-a2bf-0c35652c9607":{"type":"image-with-text","settings":{"image":"shopify:\/\/shop_images\/Handen-ineen-slaan-voor-en-door-ondernemers_57397684-85c5-4ea5-a9bb-fc8efdd557c5.webp","image_position":"right","image_width":50,"title":" Ons Team","content":"<p>Bij Rooftopshop hebben we een enthousiast en bekwaam team dat zich inzet voor het leveren van de beste producten en service aan onze klanten.<\/p>","button_text":"","button_link":"shopify:\/\/collections\/all"}},"b0be7108-d792-4a5d-b531-94db2031ad3a":{"type":"image-with-text","settings":{"image":"shopify:\/\/shop_images\/viewDozen_op_een_lopendeband_007a18a8-b263-4bd8-bcca-d842454db8eb.jpg","image_position":"left","image_width":50,"title":"EPDM Groothandel ","content":"<p>Rooftopshop is een groothandel gespecialiseerd in EPDM. Met een uitgebreid assortiment van hoogwaardige EPDM-producten voor dakbedekking, bieden wij betrouwbare oplossingen voor zowel professionals als doe-het-zelvers. Onze ruime voorraad en snelle levering maken het gemakkelijk om aan de behoeften van elk project te voldoen. Vertrouw op Rooftopshop voor kwalitatieve EPDM-producten en uitstekende service.<\/p>","button_text":"","button_link":"shopify:\/\/collections\/all"}},"c3e6e7f4-145b-48c3-81c3-cdefa627a765":{"type":"image-with-text","settings":{"image":"shopify:\/\/shop_images\/aluminium-daktrimset-recht-tbv-plat-dak-maximale-dakmaat-350-x-350-cm_1.jpg","image_position":"right","image_width":50,"title":"Daktrim Groothandel ","content":"<p>Rooftopshop is niet alleen een groothandel in EPDM, maar tevens een toonaangevende daktrim groothandel. We bieden een breed assortiment aan hoogwaardige daktrimmen en accessoires, waardoor wij dé bestemming zijn voor professionele dakdekkers en bouwbedrijven. Met onze uitgebreide productaanbod, expertise en betrouwbare service, is Rooftopshop de ideale partner voor het vinden van de perfecte daktrimoplossingen voor elk project. Vertrouw op Rooftopshop als jouw betrouwbare daktrimgroothandel.<\/p>","button_text":"","button_link":"shopify:\/\/collections\/all"}},"677a8a95-744f-4148-9ec7-6ee6f7512c43":{"type":"image-with-text","settings":{"image":"shopify:\/\/shop_images\/Over_ons_0ed9ecbd-cf25-4a2c-abfa-6ac558c061bb.jpg","image_position":"left","image_width":50,"title":"Onze missie","content":"<p>Is om bouwprofessionals en doe-het-zelvers te voorzien van hoogwaardige EPDM-producten en daktrimmen die duurzaam, betrouwbaar en gemakkelijk te installeren zijn. We begrijpen dat elk project uniek is en daarom bieden we een breed scala aan producten en op maat gemaakte oplossingen om aan de specifieke behoeften van onze klanten te voldoen.<\/p>","button_text":"","button_link":"shopify:\/\/collections\/all"}},"02fc0d2e-54aa-43ea-b0b3-59ed8907964b":{"type":"image-with-text","settings":{"image":"shopify:\/\/shop_images\/mvo-wereldbol-duurzaamheid.jpg","image_position":"right","image_width":50,"title":"Maatschappelijk Verantwoord Ondernemen","content":"<p>MVO is een integraal onderdeel van onze bedrijfsvoering. We zetten ons in om duurzame praktijken te implementeren, zoals het gebruik van milieuvriendelijke materialen en het minimaliseren van ons energieverbruik. We streven naar een positieve impact op het milieu en streven naar een groenere toekomst voor de bouwsector.<\/p>","button_text":"","button_link":"shopify:\/\/collections\/all"}},"81ad19ae-fbc7-4ea2-9e64-e0bf86267eed":{"type":"rich-text","settings":{"text_width":"narrow","title":"Tot slot","content":"<p>Bedankt voor het kiezen van Rooftopshop. We kijken ernaar uit om met jou samen te werken en jou te voorzien van de beste EPDM-producten en daktrimmen voor jouw projecten. Neem gerust contact met ons op als je vragen hebt of meer informatie nodig hebt.<\/p>","button_text":"","button_link":"shopify:\/\/collections\/all"}}},"order":["main","262043ab-a139-4d46-8ce5-d4908a17a01f","4e41cfaa-e786-4c6f-a2bf-0c35652c9607","b0be7108-d792-4a5d-b531-94db2031ad3a","c3e6e7f4-145b-48c3-81c3-cdefa627a765","677a8a95-744f-4148-9ec7-6ee6f7512c43","02fc0d2e-54aa-43ea-b0b3-59ed8907964b","81ad19ae-fbc7-4ea2-9e64-e0bf86267eed"]}