{"sections":{"main":{"type":"main-page","settings":{}},"1ed3e948-d03b-4e89-abed-ae2fd94b099f":{"type":"custom-html","settings":{"title":"","html":"<meta charset=\"UTF-8\">\n    <meta name=\"viewport\" content=\"width=device-width, initial-scale=1.0\">\n    <title>Rooftopshop - Hoogwaardige Dampremmende Folie<\/title>\n\n\n    <header>\n        <h2>Dampremmende Folie van Rooftopshop<\/h2>\n    <\/header>\n    <section>\n        <h3>Waarom Kiezen Voor de Dampremmende Folie van Rooftopshop?<\/h3>\n        <p>Bij Rooftopshop begrijpen wij onze klanten maar al te goed, daarom verkopen we bij rooftopshop alleen maar de beste kwaliteit dampremmende folie. Dampremmende folie dient als een bescherming tegen condensatie en vochtproblemen. Dampremmende folie wordt vaak gebruikt voor onderstaande toepassingen:<\/p>\n\n\n\n    <meta charset=\"UTF-8\">\n    <meta name=\"viewport\" content=\"width=device-width, initial-scale=1.0\">\n    <title>Toepassingen van Dampremmende Folie<\/title>\n\n\n    <h1>Toepassingen van Dampremmende Folie<\/h1>\n    <ul>\n        <li>1. Dakisolatie: Dampremmende folie wordt gebruikt onder het dakbedekkingssysteem om te voorkomen dat vocht de isolatie binnendringt.<\/li>\n        <li>2. Wandisolatie: Het wordt toegepast in wandconstructies om condensatie en vochtproblemen te voorkomen.<\/li>\n        <li>3. Vloerisolatie: Dampremmende folie helpt bij het behouden van de isolatiewaarde van vloeren door vocht buiten te houden.<\/li>\n        <li>4. Kruipruimteisolatie: In kruipruimtes wordt het gebruikt om vochtige lucht uit de ruimte te weren en te voorkomen dat het huis vochtig wordt.<\/li>\n        <li>5. Gevelbekleding: Het kan achter gevelbekleding worden aangebracht om te voorkomen dat vocht in de muur dringt.<\/li>\n        <li>6. Zolderisolatie: Bij zolderisolatie voorkomt het dat warme, vochtige lucht in contact komt met de koude zolderconstructie.<\/li>\n        <li>7. Kelderisolatie: Dampremmende folie kan worden gebruikt om kelders droog te houden en vochtproblemen te voorkomen.<\/li>\n        <li>8. Industriële toepassingen: In industrieel gebruik wordt het ingezet voor vochtbeheersing in grote constructies.<\/li>\n        <h2>Maatwerk en Kwaliteit<\/h2>\n        <p>Rooftopshop's 200um dampremmende folie is vervaardigd met hoogwaardige materialen en ontworpen voor duurzaamheid. Je kunt de folie aanpassen aan de specifieke eisen van jouw project. Of je nu bezig bent met nieuwbouw, renovatie of het isoleren van daken, muren of vloeren, onze 200um folie biedt altijd de benodigde bescherming en efficiëntie.<\/p>\n<\/ul><\/section>\n\n\n\n    <meta charset=\"UTF-8\">\n    <meta name=\"viewport\" content=\"width=device-width, initial-scale=1.0\">\n    <title>Toepassingen van Dampremmende Folie op PIR Platen<\/title>\n\n\n\n\n\n    <meta charset=\"UTF-8\">\n    <meta name=\"viewport\" content=\"width=device-width, initial-scale=1.0\">\n    <title>Dampremmende Folie op PIR Platen<\/title>\n    \n    <h2>Hoe Dampremmende Folie te Monteren op PIR Platen<\/h2>\n    <p>Het correct monteren van dampremmende folie op PIR isolatieplaten is van cruciaal belang om de isolerende eigenschappen te behouden en vochtproblemen te voorkomen. Volg deze stappen:<\/p>\n    \n    <ol>\n        <li>Leg de PIR isolatieplaten in de gewenste positie, zorg ervoor dat ze goed tegen elkaar aansluiten zonder kieren.<\/li>\n        <li>Ontrol de dampremmende folie over de PIR platen, zorg ervoor dat de folie de platen volledig bedekt en overlapt met minstens 10 cm.<\/li>\n        <li>Bevestig de folie met speciale tape of nietjes om ervoor te zorgen dat er geen openingen of losse randen zijn.<\/li>\n        <li>Zorg ervoor dat alle naden en verbindingen tussen foliestukken goed zijn afgedicht om te voorkomen dat vocht kan binnendringen.<\/li>\n    <\/ol>"}}},"order":["main","1ed3e948-d03b-4e89-abed-ae2fd94b099f"]}