{"sections":{"main":{"type":"main-product","blocks":{"product_meta":{"type":"product_meta","settings":{"show_vendor":false,"show_sku":false,"show_reviews_badge":false,"show_share_buttons":false}},"live_product_options_app_block_daRVi8":{"type":"shopify:\/\/apps\/live-product-options\/blocks\/app-block\/88bfdf40-5e27-4962-a966-70c8d1e87757","settings":{"product":"epdm-op-maat"}},"a7ae1106-d93c-4773-83ed-d0a56cf7ff0e":{"type":"variant_selector","settings":{"selector_mode":"dropdown","color_mode":"block","show_quantity_selector":true,"show_taxes_included":false,"show_inventory_quantity":false,"low_inventory_threshold":0}},"buy_buttons":{"type":"buy_buttons","settings":{"show_payment_button":false,"show_gift_card_recipient":false}},"description":{"type":"description","settings":{"display_mode":"view_more"}},"64d361da-5aa7-4425-bd53-8d8f28216429":{"type":"text","settings":{"content":"<p>✔ <strong>Gratis <\/strong>verzending vanaf 195,-<br\/>✔ <strong>50 jaar<\/strong> garantie op alle producten<br\/>✔ Klantbeoordeling: <strong>4,5 \/ 5<\/strong><\/p>"}},"d51851d7-4d1b-4a42-b762-ee5c3ae1a6f5":{"type":"complementary_products","settings":{"title":"Combineren met:","products_count":10,"show_quick_buy":true}}},"block_order":["product_meta","live_product_options_app_block_daRVi8","a7ae1106-d93c-4773-83ed-d0a56cf7ff0e","buy_buttons","description","64d361da-5aa7-4425-bd53-8d8f28216429","d51851d7-4d1b-4a42-b762-ee5c3ae1a6f5"],"settings":{"image_size":"small","enable_video_looping":false,"enable_image_zoom":false,"zoom_effect":"outside","carousel_effect":"fade"}},"product-recommendations":{"type":"product-recommendations","settings":{"heading":"Misschien heb je dit ook nodig?","show_quick_buy":false}},"recently-viewed-products":{"type":"recently-viewed-products","settings":{"title":"Recent bekeken","show_quick_buy":false}}},"order":["main","product-recommendations","recently-viewed-products"]}