{"sections":{"main":{"type":"main-product","blocks":{"product_meta":{"type":"product_meta","settings":{"show_vendor":false,"show_sku":false,"show_reviews_badge":false,"show_share_buttons":false}},"variant_selector":{"type":"variant_selector","settings":{"selector_mode":"block","color_mode":"color","show_quantity_selector":true,"show_taxes_included":false,"show_inventory_quantity":true,"low_inventory_threshold":0}},"buy_buttons":{"type":"buy_buttons","settings":{"show_payment_button":false,"show_gift_card_recipient":false}},"description":{"type":"description","settings":{"display_mode":"view_more"}},"64d361da-5aa7-4425-bd53-8d8f28216429":{"type":"text","settings":{"content":"<p>✔ <strong>Gratis <\/strong>verzending vanaf 195,-<br\/>✔ <strong>50 jaar<\/strong> garantie op alle producten<br\/>✔ Klantbeoordeling: <strong>4,5 \/ 5<\/strong><\/p>"}},"f8a64a4c-7889-4403-a252-f964acffe067":{"type":"complementary_products","settings":{"title":"Combineren met:","products_count":10,"show_quick_buy":true}}},"block_order":["product_meta","variant_selector","buy_buttons","description","64d361da-5aa7-4425-bd53-8d8f28216429","f8a64a4c-7889-4403-a252-f964acffe067"],"settings":{"image_size":"small","enable_video_looping":false,"enable_image_zoom":true,"zoom_effect":"outside","carousel_effect":"fade"}},"product-recommendations":{"type":"product-recommendations","settings":{"heading":"Misschien heb je dit ook nodig?","show_quick_buy":false}},"recently-viewed-products":{"type":"recently-viewed-products","settings":{"title":"Recent bekeken","show_quick_buy":false}},"e78f48e0-965c-47a8-abed-811ab7860629":{"type":"custom-html","settings":{"title":"","html":"<div class=\"one-half-column-left\">\n<h2>EPDM Bodemlijm kopen?<\/h2>\n<strong>EPDM bodemlijm<\/strong> biedt een buitengewone hechting voor EPDM-membranen. Het creëert een stevige, langdurige verbinding die bestand is tegen regen, wind en temperatuurschommelingen. U kunt erop vertrouwen dat uw EPDM-afdichtingen veilig en waterdicht blijven.\n<h2>Speciaal Ontworpen voor EPDM<\/h2>\nIn tegenstelling tot algemene lijmsoorten is EPDM bodemlijm specifiek ontworpen om optimaal te presteren met EPDM-materialen. Het zorgt voor een naadloze en betrouwbare verbinding, zonder schade aan het rubbermembraan.\n<h2>Eenvoudige Toepassing<\/h2>\nHet gebruik van EPDM bodemlijm is eenvoudig en efficiënt. U kunt het aanbrengen met een kwast, roller of spuitpistool, afhankelijk van uw projectbehoeften. Dit maakt de installatie van EPDM-membranen een probleemloze ervaring.\n<p> <\/p>\n<\/div>\n<div class=\"one-half-column-right\">\n<h2>Waterdichte Zekerheid<\/h2>\nDe hechting die <a title=\"EPDM Dakbedekking\" href=\"\/collections\/epdm-dakbedekking\">EPDM<\/a> bodemlijm biedt, garandeert waterdichte zekerheid. Het voorkomt lekken en houdt vocht buiten, waardoor uw EPDM-dak of afdichting betrouwbaar beschermd blijft.\n<h2>EPDM Bodemlijm, zeer kosteneffectief<\/h2>\nHet gebruik van EPDM bodemlijm is kosteneffectief omdat het de levensduur van uw EPDM-membranen verlengt. U hoeft zich geen zorgen te maken over dure reparaties of vervangingen op korte termijn. Kortom, EPDM bodemlijm is de perfecte keuze om de voordelen van EPDM-materialen volledig te benutten. Het biedt de hechting, duurzaamheid en waterdichte eigenschappen die nodig zijn voor succesvolle EPDM-projecten. Investeer in EPDM bodemlijm en ervaar de gemoedsrust van een waterdichte en langdurige oplossing voor al uw EPDM-toepassingen.\n<p> <\/p>\n<\/div>\n<p> <\/p>"}}},"order":["main","product-recommendations","recently-viewed-products","e78f48e0-965c-47a8-abed-811ab7860629"]}