{"sections":{"main":{"type":"main-product","blocks":{"product_meta":{"type":"product_meta","settings":{"show_vendor":false,"show_sku":false,"show_reviews_badge":false,"show_share_buttons":false}},"variant_selector":{"type":"variant_selector","settings":{"selector_mode":"block","color_mode":"color","show_quantity_selector":true,"show_taxes_included":false,"show_inventory_quantity":true,"low_inventory_threshold":0}},"buy_buttons":{"type":"buy_buttons","settings":{"show_payment_button":false,"show_gift_card_recipient":false}},"description":{"type":"description","settings":{"display_mode":"view_more"}},"64d361da-5aa7-4425-bd53-8d8f28216429":{"type":"text","settings":{"content":"<p>✔ <strong>Gratis <\/strong>verzending vanaf 195,-<br\/>✔ <strong>50 jaar<\/strong> garantie op alle producten<br\/>✔ Klantbeoordeling: <strong>4,5 \/ 5<\/strong><\/p>"}},"f8a64a4c-7889-4403-a252-f964acffe067":{"type":"complementary_products","settings":{"title":"Combineren met:","products_count":10,"show_quick_buy":true}}},"block_order":["product_meta","variant_selector","buy_buttons","description","64d361da-5aa7-4425-bd53-8d8f28216429","f8a64a4c-7889-4403-a252-f964acffe067"],"settings":{"image_size":"small","enable_video_looping":false,"enable_image_zoom":false,"zoom_effect":"outside","carousel_effect":"fade"}},"9cd6991f-ee11-4925-b8ee-439c0732821a":{"type":"custom-html","settings":{"title":"","html":"bedekking EPDM kopen bij Rooftopshop\n<p><strong>Witte dakbedekking EPDM<\/strong> is hét materiaal om je dak mee te beleggen. Voorheen was dit niet veel verkrijgbaar en werd er met name gebruik gemaakt van zwarte EPDM dakbedekking. <a href=\"\/collections\/epdm-dakbedekking\">EPDM dakbedekking<\/a> is de meest duurzame vorm van dakdekken van het moment. Ons EPDM Dakbedekking is bestand tegen zware weersomstandigheden en heeft praktisch geen onderhoud.<\/p>\n<h2>Wit is het nieuwe zwart<\/h2>\n<p>Witte dakbedekking van EPDM heeft meerdere voordelen ten opzichte van <a href=\"\/products\/epdm-dakbedekking\">zwarte dakbedekking EPDM<\/a>. Zo absorbeert het de warmte niet. Dit zorgt ervoor dat de hitte vanaf je dak in de zomer periode afneemt en je je airco niet volop hoeft te laten draaien, dit scheelt zo’n 20%. Witte EPDM zorgt er ook voor dat er minder warmte wordt over gedragen van de daken op de lucht. Dit helpt om de temperaturen te reduceren volgens het <a title=\"hitte-eiland effect\" href=\"https:\/\/nl.wikipedia.org\/wiki\/Hitte-eilandeffect\" target=\"_blank\" rel=\"noopener\">hitte-eiland effect<\/a>. Tot slot heeft witte dakbedekking EPDM een goede invloed op de efficiëntie van je zonnepanelen. De witte daken reflecteren het zonlicht en houden hierdoor het dak een aantal graden koeler, daardoor is bijna geen vermogensverlies van de zonnepanelen aanwezig.<\/p>\n<h2>Dak renoveren?<\/h2>\n<p>Heb je op dit moment een donker gekleurde dakbedekking, maar wil je toch af van de warme dagen of de efficiëntie van je zonnepanelen verhogen? Dan biedt witte dakbedekking EPDM dé beste oplossing, bekijk in <a href=\"\/blogs\/nieuws\/de-voordelen-van-wit-epdm\">deze blog<\/a> alle voordelen. De temperatuur van je dak kan wel met 40% afnemen ten opzichte van een donker dak. Hoewel dit de allerbeste oplossing is, zijn er nog wel een aantal andere manieren om je dak wit te krijgen. Dit zijn de manieren welke wij niet adviseren, maar wel mogelijk zijn.<\/p>\n<p>1) <strong>Het dak wit verven<\/strong>: dit is misschien wel goedkoop maar zeker niet effectief. Verf gaat vervagen en wellicht ontstaan er lekkages wanneer je de verkeerde soort verf gebruikt.     <\/p>\n<p>2) <strong>Wit bitumen dakbedekking<\/strong>: Deze variant moet echter wel met een gasbrander worden aangebracht op het dak hierdoor ontstaat er brandgevaar. Voor de doe-het-zelfer is dit geen geschikte optie. Bovendien koelt wit bitumen dakbedekking niet zo goed af als witte dakbedekking.<\/p>\n<h2>De voordelen van witte dakbedekking EPDM bij Rooftopshop<\/h2>\n<p>Als je witte dakbedekking EPDM besteld bij Rooftopshop, geniet je van vele voordelen. Naast de voordelige prijs en goede kwaliteit, zetten we hier nog even alles op een rijtje:<\/p>\n<ul>\n<li>Zo goed als onderhoudsvrij<\/li>\n<li>Levensduur van tientallen jaren<\/li>\n<li>Bestand tegen vliegvuur<\/li>\n<li>Uv-bestendig<\/li>\n<li>Waterdicht<\/li>\n<li>Amerikaanse kwaliteit<\/li>\n<\/ul>\n<h2>Rooftopshop service voor witte dakbedeking EPDM<\/h2>\n<p>Voor Witte dakbedekking EPDM heeft Rooftopshop alles wat je nodig hebt. Mocht je vragen hebben over onze EPDM-dakbedekking, dan willen wij je graag persoonlijk helpen en zorgen ervoor dat je altijd antwoord krijgt. Wij streven ernaar om altijd binnen 24 uur antwoord op je vragen te geven. Wil je ons direct bereiken? Dan kan je op werkdagen tussen 09:00 en 17:00 uur <a title=\"contact\" href=\"\/pages\/klantenservice\" target=\"_blank\" rel=\"noopener\">contact<\/a> opnemen met onze klantenservice. Onze klantenservice staat met veel enthousiasme voor u klaar en is te bereiken op 085 - 060 6 49. Tevens zijn we per e-mail te benaderen via <a href=\"mailto:info@rooftopshop.nl\">info@rooftopshop.nl<\/a><\/p>"}},"product-recommendations":{"type":"product-recommendations","settings":{"heading":"Misschien heb je dit ook nodig?","show_quick_buy":false}},"recently-viewed-products":{"type":"recently-viewed-products","settings":{"title":"Recent bekeken","show_quick_buy":false}},"1703201451216a3a8a":{"type":"apps","blocks":{"d7bbe0f9-41aa-4816-905a-e9c5620ba3a7":{"type":"shopify:\/\/apps\/easyflow-options\/blocks\/app-embed\/83d04f43-e63e-4a8d-82b9-e4f0b41ef22f","settings":{}}},"block_order":["d7bbe0f9-41aa-4816-905a-e9c5620ba3a7"],"settings":{"include_margins":true}}},"order":["main","9cd6991f-ee11-4925-b8ee-439c0732821a","product-recommendations","recently-viewed-products","1703201451216a3a8a"]}