{"sections":{"main":{"type":"main-product","blocks":{"product_meta":{"type":"product_meta","settings":{"show_vendor":true,"show_sku":false,"show_reviews_badge":false,"show_share_buttons":true}},"variant_selector":{"type":"variant_selector","settings":{"selector_mode":"block","color_mode":"color","show_quantity_selector":true,"show_taxes_included":false,"show_inventory_quantity":false,"low_inventory_threshold":0}},"buy_buttons":{"type":"buy_buttons","settings":{"show_payment_button":true,"show_gift_card_recipient":false}},"description":{"type":"description","settings":{"display_mode":"view_more"}}},"block_order":["product_meta","variant_selector","buy_buttons","description"],"settings":{"image_size":"small","enable_video_looping":false,"enable_image_zoom":true,"zoom_effect":"outside","carousel_effect":"fade"}},"product-recommendations":{"type":"product-recommendations","settings":{"heading":"You may also like","show_quick_buy":false}},"recently-viewed-products":{"type":"recently-viewed-products","settings":{"title":"Recently viewed","show_quick_buy":false}}},"order":["main","product-recommendations","recently-viewed-products"]}