{"sections":{"main":{"type":"main-product","blocks":{"product_meta":{"type":"product_meta","settings":{"show_vendor":false,"show_sku":false,"show_reviews_badge":false,"show_share_buttons":false}},"variant_selector":{"type":"variant_selector","settings":{"selector_mode":"block","color_mode":"color","show_quantity_selector":true,"show_taxes_included":false,"show_inventory_quantity":true,"low_inventory_threshold":0}},"buy_buttons":{"type":"buy_buttons","settings":{"show_payment_button":false,"show_gift_card_recipient":false}},"description":{"type":"description","settings":{"display_mode":"view_more"}},"64d361da-5aa7-4425-bd53-8d8f28216429":{"type":"text","settings":{"content":"<p>✔ <strong>Gratis <\/strong>verzending vanaf 195,-<br\/>✔ <strong>50 jaar<\/strong> garantie op alle producten<br\/>✔ Klantbeoordeling: <strong>4,5 \/ 5<\/strong><\/p>"}},"f8a64a4c-7889-4403-a252-f964acffe067":{"type":"complementary_products","settings":{"title":"Combineren met:","products_count":10,"show_quick_buy":true}}},"block_order":["product_meta","variant_selector","buy_buttons","description","64d361da-5aa7-4425-bd53-8d8f28216429","f8a64a4c-7889-4403-a252-f964acffe067"],"settings":{"image_size":"small","enable_video_looping":false,"enable_image_zoom":false,"zoom_effect":"outside","carousel_effect":"fade"}},"cdd19bcb-0d71-4cd8-af27-85181760a7c7":{"type":"custom-html","settings":{"title":"","html":"h2&gt;EPDM pakket kopen bij Rooftopshop\n<p><strong>EPDM pakket<\/strong> compleet koop je uiteraard bij Rooftopshop. Het aanschaffen van een EPDM pakket is een verstandige keuze als je op zoek bent naar een complete oplossing. Bij Rooftopshop krijg je de beste prijs en kwaliteit aangeboden. Bovendien is het van groot belang dat de juiste bijbehorende <a href=\"\/collections\/epdm-dakbedekking\">EPDM<\/a> producten worden gebruikt. Kortom, meer dan reden genoeg om een EPDM compleet pakket aan te schaffen bij Rooftopshop.<\/p>\n<h2>Waar wordt een EPDM pakket voor gebruikt?<\/h2>\n<p>EPDM is een 100% gevulkaniseerde kunststof rubberfolie, wat wordt gebruikt bij de bouw of verbouw van een dak. EPDM is bovendien het meest milieuvriendelijke product in de markt van dakbedekkingen. Het EPDM pakket kan worden gebruikt voor het dekken van platte daken en daken met een lichte helling. In combinatie met de juiste <a title=\"EPDM lijm\" href=\"\/collections\/epdm-lijm-kit\" target=\"_blank\">EPDM lijm<\/a> en EPDM dakbedekking kan je meer dan 50 jaar lang genieten van een waterdicht dak. <\/p>\n<h2>De voordelen van het EPDM dakpakket van Rooftopshop<\/h2>\n<p>Indien je een EPDM pakket bij Rooftopshop besteld, profiteer je van vele voordelen. Naast de gebruikelijke lage prijs en de top kwaliteit, hier nog even de voordelen op een rijtje:<\/p>\n<ul>\n<li>Alles in huis voor je klus<\/li>\n<li>Vliegvuurbestendig<\/li>\n<li>Hoogwaardig EPDM op maat<\/li>\n<li>Voldoende lijm en kit<\/li>\n<li>100% waterdicht<\/li>\n<li>Hemelwaterafvoer naar keuze<\/li>\n<li>Vrijwel onderhoudsvrij<\/li>\n<li>Amerikaanse kwaliteit<\/li>\n<li>Gemaakt van duurzame materialen<\/li>\n<\/ul>\n<p>Kortom, er zijn meer dan genoeg voordelen om je Alles-in-een EPDM pakket te kopen bij Rooftopshop.<\/p>\n<h2>Wat zit er in het EPDM pakket?<\/h2>\n<p>Met ons EPDM compleet dakpakket heb je alles in huis wat je nodig hebt om EPDM aan te brengen op je dak. Om te beginnen, hier even alle onderdelen op een rijtje:<\/p>\n<ul>\n<li><a href=\"\/products\/epdm-dakbedekking\" target=\"_blank\">EPDM folie 1,14mm dikte van Amerikaanse kwaliteit<\/a><\/li>\n<li>Voldoende EPDM contactlijm<\/li>\n<li>Tube EPDM MS Polymeer kit 290ml (voor het monteren van de uitloop)<\/li>\n<li>Een onderuitloop (75mm) of stadsuitloop (60mmx80mm)<\/li>\n<li>Complete lijmset met verfbakje, vachtroller en kwast<\/li>\n<li>Rolmaat, handschoenen en breekmesje<\/li>\n<li>Aandrukroller<\/li>\n<li><a href=\"\/blogs\/handleidingen\/montagehandleiding-epdm\">Montagehandleiding EPDM aanbengen<\/a><\/li>\n<\/ul>\n<p>Al met al ben je dus verzekerd va genoeg materiaal om je dak te bedekken met EPDM dakbedekking.<\/p>\n<h2>Rooftopshop service voor EPDM pakket<\/h2>\n<p>Voor een compleet EPDM dakpakket heeft Rooftopshop alles wat je nodig hebt. Onze <a title=\"klantenservice\" href=\"\/pages\/klantenservice\" target=\"_blank\">klantenservice<\/a> is bereikbaar op werkdagen tussen 09:00 en 17:00 uur. Onze enthousiaste klantenservice staat met veel smacht te wachten op het contact en is te bereiken op 085 - 060 06 49. Ook zijn we op ons e-mailadres te benaderen via <a href=\"mailto:info@rooftopshop.nl\">info@rooftopshop.nl<\/a>. Zodra je bij ons een bestelling plaatst, kan je uitgaan van de volgende voordelen:<\/p>\n<ul>\n<li>Alle prijzen zijn inclusief BTW<\/li>\n<li>Topservice<\/li>\n<li>A-kwaliteit producten<\/li>\n<li>Perfecte prijs-kwaliteitverhouding<\/li>\n<\/ul>\n<p> <\/p>\n<p><iframe title=\"YouTube video player\" src=\"https:\/\/www.youtube.com\/embed\/Wy42DHh47EU\" width=\"50%\" height=\"50%\" frameborder=\"0\" allowfullscreen=\"allowfullscreen\"><\/iframe><\/p>"}},"product-recommendations":{"type":"product-recommendations","settings":{"heading":"Misschien heb je dit ook nodig?","show_quick_buy":false}},"recently-viewed-products":{"type":"recently-viewed-products","settings":{"title":"Recent bekeken","show_quick_buy":false}}},"order":["main","cdd19bcb-0d71-4cd8-af27-85181760a7c7","product-recommendations","recently-viewed-products"]}