{"sections":{"main":{"type":"main-product","blocks":{"product_meta":{"type":"product_meta","settings":{"show_vendor":false,"show_sku":false,"show_reviews_badge":false,"show_share_buttons":false}},"variant_selector":{"type":"variant_selector","settings":{"selector_mode":"block","color_mode":"color","show_quantity_selector":true,"show_taxes_included":false,"show_inventory_quantity":true,"low_inventory_threshold":0}},"buy_buttons":{"type":"buy_buttons","settings":{"show_payment_button":false,"show_gift_card_recipient":false}},"description":{"type":"description","settings":{"display_mode":"view_more"}},"64d361da-5aa7-4425-bd53-8d8f28216429":{"type":"text","settings":{"content":"<p>✔ <strong>Gratis <\/strong>verzending vanaf 195,-<br\/>✔ <strong>50 jaar<\/strong> garantie op alle producten<br\/>✔ Klantbeoordeling: <strong>4,5 \/ 5<\/strong><\/p>"}},"f8a64a4c-7889-4403-a252-f964acffe067":{"type":"complementary_products","settings":{"title":"Combineren met","products_count":10,"show_quick_buy":true}}},"block_order":["product_meta","variant_selector","buy_buttons","description","64d361da-5aa7-4425-bd53-8d8f28216429","f8a64a4c-7889-4403-a252-f964acffe067"],"settings":{"image_size":"small","enable_video_looping":false,"enable_image_zoom":false,"zoom_effect":"outside","carousel_effect":"fade"}},"db20ace4-6c36-466c-9e87-ef0ea12e7bf2":{"type":"custom-html","settings":{"title":"","html":"<h2>Waarom een daktrim zwart?<\/h2>\n<p>Met de <strong>daktrim zwart<\/strong> van Rooftopshop kan je de randen van een plat dak of licht hellende dak strak en netjes afwerken. Een dakrandprofiel is belangrijk om je dak te beschermen tegen verschillende weersomstandigheden. Voor een waterdichte afwerking gebruik je <a title=\"MS Polymeer kit\" href=\"https:\/\/www.rooftopshop.nl\/products\/epdm-ms-polymeer-kit-290ml\" target=\"_blank\" rel=\"noopener\">MS Polymeer kit<\/a> en <a title=\"schroeven met neopreen ring\" href=\"https:\/\/www.rooftopshop.nl\/products\/daktrimschroef-rvs-met-neopreen-ring?_pos=1&amp;_sid=d30b62fee&amp;_ss=r\" target=\"_blank\" rel=\"noopener\">schroeven met neopreen ring<\/a> om je Universele daktrimmen te monteren op EPDM daken.<\/p>\n<h2>Hoe monteer je een daktrim? <\/h2>\n<p>Wanneer je gebruik maakt van speciale EPDM daktrimmen gebruik je geen MS Polymeer kit omdat de dakrandprofiel een strook kroonbandrubber bevatten. Deze daktrimmen zijn ook voorgeboord waardoor je ze gemakkelijk op je dakrand kan boren. Klik hier voor ons assortiment aan speciale EPDM daktrimmen. Wil je meer informatie over het monteren van een dakrandprofiel? Neem gerust contact op met onze klantenservice.<\/p>\n<h2>Daktrim zwart van Rooftopshop<\/h2>\n<p>Koop nu je daktrim zwart bij Rooftopshop. Wij leveren namelijk daktrimmen tegen aannemelijke prijzen. Naast daktrimmen hebben wij ook kraaltrim in ons assortiment. Bij een kraaltrim is het verticale zichtvlak niet recht, maar loopt het rond af. Bij Rooftopshop vind je niet enkel jouw perfecte dakrandprofiel, maar bovendien ook een grote variatie aan producten om je daktrim aan te brengen. Bekijk hier onze categorieën:<\/p>\n<ul>\n<li><a title=\"Doe-het-zelf Daktrim\" href=\"https:\/\/www.rooftopshop.nl\/products\/doe-het-zelf-daktrim-55x64\" target=\"_blank\" rel=\"noopener\">Doe-het-zelf Daktrim<\/a><\/li>\n<li><a title=\"Daktrim Universeel\" href=\"https:\/\/www.rooftopshop.nl\/collections\/daktrim-universeel\" target=\"_blank\" rel=\"noopener\">Daktrim Universeel<\/a><\/li>\n<li><a title=\"Daktrim EPDM\" href=\"https:\/\/www.rooftopshop.nl\/collections\/daktrim-epdm\" target=\"_blank\" rel=\"noopener\">Daktrim EPDM<\/a><\/li>\n<li><a title=\"Kraaltrim Universeel\" href=\"https:\/\/www.rooftopshop.nl\/collections\/kraaltrim-universeel\" target=\"_blank\" rel=\"noopener\">Kraaltrim Universeel<\/a><\/li>\n<li><a title=\"Kraaltrim EPDM\" href=\"https:\/\/www.rooftopshop.nl\/collections\/kraaltrim-epdm\" target=\"_blank\" rel=\"noopener\">Kraaltrim EPDM<\/a><\/li>\n<\/ul>\n<p>Al met al kan je dus zeggen dat wij alles hebben waarmee je je dak netjes kan afwerken. Ook voor de meer ingewikkelde klussen hebben wij de perfecte producten. Bekijk snel ons assortiment om de daktrim te vinden die bij jouw klus past.<\/p>\n<h2>Dakrandprofiel zwart binnenhoeken en buitenhoeken<\/h2>\n<p>Daktrim zwart binnenhoeken en buitenhoeken gebruik je om de hoeken van het dak netjes af te werken. Rooftopshop heeft daktrim hoeken onder een hoek van 90 graden met de maat 40 bij 40 centimeter. Voor elk soort daktrim zwart dat wij in ons assortiment hebben, zijn er bijbehorende binnenhoeken en buitenhoeken te verkrijgbaar.<\/p><center><img src=\"https:\/\/cdn.shopify.com\/s\/files\/1\/0377\/9126\/8909\/files\/daktrim-binnenhoek-buitenhopek-uitleg.png?v=1666872130\" alt=\"daktrim binnehoeken en buitenhoeken\" width=\"600\" height=\"338\"><\/center>"}},"product-recommendations":{"type":"product-recommendations","settings":{"heading":"Misschien heb je dit ook nodig?","show_quick_buy":false}},"recently-viewed-products":{"type":"recently-viewed-products","settings":{"title":"Recent bekeken","show_quick_buy":false}}},"order":["main","db20ace4-6c36-466c-9e87-ef0ea12e7bf2","product-recommendations","recently-viewed-products"]}