{"sections":{"main":{"type":"main-product","blocks":{"product_meta":{"type":"product_meta","settings":{"show_vendor":false,"show_sku":false,"show_reviews_badge":false,"show_share_buttons":false}},"variant_selector":{"type":"variant_selector","settings":{"selector_mode":"block","color_mode":"color","show_quantity_selector":true,"show_taxes_included":false,"show_inventory_quantity":true,"low_inventory_threshold":0}},"buy_buttons":{"type":"buy_buttons","settings":{"show_payment_button":false,"show_gift_card_recipient":false}},"description":{"type":"description","settings":{"display_mode":"view_more"}},"64d361da-5aa7-4425-bd53-8d8f28216429":{"type":"text","settings":{"content":"<p>✔ <strong>Gratis <\/strong>verzending vanaf 195,-<br\/>✔ <strong>50 jaar<\/strong> garantie op alle producten<br\/>✔ Klantbeoordeling: <strong>4,5 \/ 5<\/strong><\/p>"}},"f8a64a4c-7889-4403-a252-f964acffe067":{"type":"complementary_products","settings":{"title":"Combineren met","products_count":10,"show_quick_buy":true}}},"block_order":["product_meta","variant_selector","buy_buttons","description","64d361da-5aa7-4425-bd53-8d8f28216429","f8a64a4c-7889-4403-a252-f964acffe067"],"settings":{"image_size":"small","enable_video_looping":false,"enable_image_zoom":true,"zoom_effect":"outside","carousel_effect":"fade"}},"944d4d85-37e7-4b47-b02c-3c52d669ea79":{"type":"custom-html","settings":{"title":"","html":"<h2>EPDM stroken kopen bij Rooftopshop<\/h2>\n<p>De <strong>EPDM stroken<\/strong> van Rooftopshop zijn van Amerikaanse kwaliteit en zijn zwart van kleur. Rooftopshop geeft 50 jaar garantie op de stroken, mits op de juiste wijze gemonteerd. In onze webshop vind je niet alleen de perfecte maat aan EPDM, maar ook alle benodigdheden om het te monteren. Ben je zoekende naar een voordelige prijs voor een kwaliteit product? Dan ben je bij Rooftopshop aan het juiste adres.<\/p>\n\n<p><\/p><h2>EPDM op rol<\/h2>\n<p>EPDM stroken zijn onmisbaar wanneer je een dak gaat bedekken met EPDM. EPDM staat bekend om de flexibiliteit en elasticiteit. Dit resulteert in een waterdicht dak zonder al te veel onderhoud. Met de stroken kan je gemakkelijk een naadverbinding, kozijnen en aansluitingen waterdicht maken. EPDM rollen zijn bovendien fantastisch te gebruiken voor dakgoot reparaties of het opnieuw bekleden hiervan.<\/p>\n\n<p><\/p><h2>Wat zijn EPDM stroken?<\/h2>\n<p>EPDM stroken zijn smalle stroken EPDM in diverse breedtes van 10 cm tot 100 cm met een lengte van 30,5 meter. Omdat je de keuze hebt uit verschillende breedtematen is er voor elke klus een geschikte strook. Het is in principe niet nodig om de folie op maat te snijden. EPDM is gemaakt van:<\/p>\n<ul>\n<li>Ethyleen<\/li>\n<li>Propyleen<\/li>\n<li>Dieen<\/li>\n<li>Monomeer<\/li>\n<\/ul>\n<p>Een groep synthetische rubbers wat goed bestand is tegen Uv-straling en weersomstandigheden.<\/p>\n\n  <p><\/p><h2>Waar gebruik je deze stroken voor?<\/h2>\n<p>EPDM stroken zijn voor diverse doeleinden te gebruiken. In veel gevallen is een dak niet in één keer te leggen, waardoor stroken nodig zijn om de naadverbinding netjes af te werken. De stroken zijn onder andere te gebruiken voor het wind- en waterbestendig maken van naden, gevels, voegen, daken, kozijnen en aansluitingen. De stroken worden bovendien gebruikt om in de goten te leggen of bij reparatiewerkzaamheden.<\/p>"}},"product-recommendations":{"type":"product-recommendations","settings":{"heading":"Misschien heb je dit ook nodig?","show_quick_buy":false}},"recently-viewed-products":{"type":"recently-viewed-products","settings":{"title":"Recent bekeken","show_quick_buy":false}}},"order":["main","944d4d85-37e7-4b47-b02c-3c52d669ea79","product-recommendations","recently-viewed-products"]}