{"sections":{"main":{"type":"main-product","blocks":{"product_meta":{"type":"product_meta","settings":{"show_vendor":false,"show_sku":false,"show_reviews_badge":false,"show_share_buttons":false}},"variant_selector":{"type":"variant_selector","settings":{"selector_mode":"block","color_mode":"color","show_quantity_selector":true,"show_taxes_included":false,"show_inventory_quantity":true,"low_inventory_threshold":0}},"buy_buttons":{"type":"buy_buttons","settings":{"show_payment_button":false,"show_gift_card_recipient":false}},"description":{"type":"description","settings":{"display_mode":"view_more"}},"64d361da-5aa7-4425-bd53-8d8f28216429":{"type":"text","settings":{"content":"<p>✔ <strong>Gratis <\/strong>verzending vanaf 195,-<br\/>✔ <strong>50 jaar<\/strong> garantie op alle producten<br\/>✔ Klantbeoordeling: <strong>4,5 \/ 5<\/strong><\/p>"}},"f8a64a4c-7889-4403-a252-f964acffe067":{"type":"complementary_products","settings":{"title":"Combineren met","products_count":10,"show_quick_buy":true}}},"block_order":["product_meta","variant_selector","buy_buttons","description","64d361da-5aa7-4425-bd53-8d8f28216429","f8a64a4c-7889-4403-a252-f964acffe067"],"settings":{"image_size":"small","enable_video_looping":false,"enable_image_zoom":true,"zoom_effect":"outside","carousel_effect":"fade"}},"097892c8-012b-436e-90ad-cbb4c23dc30a":{"type":"custom-html","settings":{"title":"","html":"<h2>Daktrim antraciet kopen bij Rooftopshop<\/h2>\nDaktrim antraciet koop je uiteraard bij Rooftopshop. Wij hebben een ruim aanbod aan daktrimmen in diverse maten en kleuren. Naast de gebruikelijke daktrim, heeft Rooftopshop ook kraaltrim in het assortiment. Een kraaltrim is een dakrandprofiel waarbij het verticale zichtvlak niet vlak is, maar een ronding heeft. Op de webshop van Rooftopshop vind je niet alleen de perfecte <strong>daktrim antraciet<\/strong>, maar ook allerlei gereedschappen en producten om je daktrimmen te monteren.\n<h2>Waarom een daktrim antraciet?<\/h2>\nOm je dak te beschermen tegen verschillende weersomstandigheden is een daktrim belangrijk. Met de daktrimmen van Rooftopshop kan je de randen van een plat dak of dak met lichte helling strak afwerken. De daktrim wordt vaak gebruikt bij het afwerken van een tuinhuis, overkapping of veranda. Door het poedercoaten van de daktrim antraciet is de daktrim extra goed beschermd tegen oxidatie en beschadigingen.\n<h2>Voordelen van een daktrim antraciet<\/h2>\nNaast de sierlijke werking van een daktrim antraciet, wordt een dakrandprofiel ook gebruikt om je dak te ondersteunen en te beschermen tegen weersomstandigheden. Niet alleen water of vuil wordt tegengehouden, maar ook ongedierte en gevogelte. De kwetsbare plekken van je dak wordt goed beschermd door het gebruik van een dakrandprofiel. Bovendien bevorderd de montage van een daktrim de levensduur met minimaal 35 jaar.\n<h2>Daktrim binnenhoek<\/h2>\nDe daktrim binnenhoek wordt gebruikt bij het afwerken van een dak met een hoek die naar binnen valt. Bij geheel rechthoekige daken heb je geen daktrim binnenhoek nodig, maar bijvoorbeeld bij daken in een L-vorm heb je wel een binnenhoek nodig. Deze voorgevormde daktrim hoeken zijn eenvoudig te monteren met behulp van <a href=\"\/products\/epdm-ms-polymeer-kit-290ml\" target=\"_blank\" rel=\"noopener\" title=\"MS Polymeer kit\">MS Polymeer kit<\/a> en zorgt voor een strakke afwerking.\n<h2>Daktrim buitenhoek<\/h2>\nVoor een perfecte afwerking van de hoeken van je dak is er de daktrim buitenhoek. Deze aluminium buitenhoek met een poedercoat pas je toe op elke buitenhoek van je dak. De daktrim buitenhoek geeft een fantastisch sierlijk effect voor op jouw dak."}},"product-recommendations":{"type":"product-recommendations","settings":{"heading":"Misschien heb je dit ook nodig?","show_quick_buy":false}},"recently-viewed-products":{"type":"recently-viewed-products","settings":{"title":"Recent bekeken","show_quick_buy":false}}},"order":["main","097892c8-012b-436e-90ad-cbb4c23dc30a","product-recommendations","recently-viewed-products"]}