{"sections":{"main":{"type":"main-product","blocks":{"product_meta":{"type":"product_meta","settings":{"show_vendor":false,"show_sku":false,"show_reviews_badge":false,"show_share_buttons":false}},"variant_selector":{"type":"variant_selector","settings":{"selector_mode":"block","color_mode":"color","show_quantity_selector":true,"show_taxes_included":false,"show_inventory_quantity":true,"low_inventory_threshold":0}},"buy_buttons":{"type":"buy_buttons","settings":{"show_payment_button":false,"show_gift_card_recipient":false}},"description":{"type":"description","settings":{"display_mode":"view_more"}},"64d361da-5aa7-4425-bd53-8d8f28216429":{"type":"text","settings":{"content":"<p>✔ <strong>Gratis <\/strong>verzending vanaf 195,-<br\/>✔ <strong>50 jaar<\/strong> garantie op alle producten<br\/>✔ Klantbeoordeling: <strong>4,5 \/ 5<\/strong><\/p>"}},"f8a64a4c-7889-4403-a252-f964acffe067":{"type":"complementary_products","settings":{"title":"Combineren met:","products_count":10,"show_quick_buy":true}}},"block_order":["product_meta","variant_selector","buy_buttons","description","64d361da-5aa7-4425-bd53-8d8f28216429","f8a64a4c-7889-4403-a252-f964acffe067"],"settings":{"image_size":"small","enable_video_looping":false,"enable_image_zoom":false,"zoom_effect":"outside","carousel_effect":"fade"}},"cdd19bcb-0d71-4cd8-af27-85181760a7c7":{"type":"custom-html","settings":{"title":"","html":"<h2>EPDM Dakbedekking: Altijd een goede oplossing<\/h2>\n<p>EPDM dakbedekking biedt dé oplossing voor wie op zoek is naar nieuwe dakbedekking. Of je nu te maken hebt met een oud lekkend dak of bezig bent met een geheel nieuw dak, met onze materialen maak je eenvoudig iedere klus tot een succes. Het repareren of vervangen van een dak wordt een moeiteloze klus met onze op maat gemaakte EPDM dakbedekking.<\/p>\n<h2>EPDM Pakket alles-in-één – Kies voor gemak<\/h2>\n<p>Twijfel je over de benodigde hoeveelheid <a href=\"\/collections\/epdm-lijm-kit\">EPDM lijm en kit<\/a>? Kies dan voor een voordelig compleet pakket. Onze complete <a href=\"\/products\/epdm-compleet-pakket\">EPDM pakketten<\/a> bevatten voldoende lijm, kit en een EPDM hemelwaterafvoer naar keuze. De pakketten zijn enorm handig, omdat ze niet alleen alle benodigde materialen bevatten maar ook een uitgebreide gereedschapsset.<\/p>\n<h2>EPDM Dakbedekking op maat van Rooftopshop<\/h2>\n<p>Bij Rooftopshop koop je <a href=\"\/collections\/epdm-dakbedekking\">EPDM dakbedekking<\/a> die op maat is gemaakt. De EPDM folie is verkrijgbaar in 12 verschillende breedtematen. Wij kunnen dit voor jou afsnijden op elke gewenste lengtemaat. Binnen slechts enkele werkdagen wordt onze hoogwaardige dakmaterialen geleverd. Of je nu een tuinhuis, veranda, garage, uitbouw of bedrijfshal bouwt, voor elk type dak hebben wij de geschikte EPDM dakbedekking op maat.<\/p>\n<h2>Amerikaanse kwaliteit – Gemakkelijk in montage<\/h2>\n<p>In tegenstelling tot Europese EPDM is deze folie van Amerikaanse kwaliteit. Dat betekent dat deze glad van structuur is, maar bevat ook de unieke eigenschap dat hij minder talkpoeder bevat dan andere Amerikaanse EPDM varianten. Door de gladde structuur is de folie makkelijk te verwerken en geeft de mindere talkpoeder een schoon resultaat. Wel zo prettig als je jouw project snel en gemakkelijk wil afronden. Onze dakbedekking, geschikt voor zowel doe-het-zelvers als specialisten, staat garant voor kwaliteit en eenvoudige installatie.<\/p>\n<h2>Jarenlange garantie op je EPDM dakbedekking<\/h2>\n<p>Bij Rooftopshop draait het niet alleen om de prijs, maar vooral om de kwaliteit van al onze artikelen. Wij garanderen probleemloos plezier van je EPDM dak voor tientallen jaren. Bij aanschaf ontvang je een duidelijke Nederlandstalige handleiding en video's voor een stapsgewijze installatie. Heb je vragen voor of tijdens de verwerking? Rooftopshop staat voor je klaar. Maak van jouw dak een duurzaam en betrouwbaar project met onze hoogwaardige EPDM dakbedekking.<\/p>"}},"product-recommendations":{"type":"product-recommendations","settings":{"heading":"Misschien heb je dit ook nodig?","show_quick_buy":false}},"recently-viewed-products":{"type":"recently-viewed-products","settings":{"title":"Recent bekeken","show_quick_buy":false}}},"order":["main","cdd19bcb-0d71-4cd8-af27-85181760a7c7","product-recommendations","recently-viewed-products"]}