{"sections":{"main":{"type":"main-product","blocks":{"product_meta":{"type":"product_meta","settings":{"show_vendor":false,"show_sku":false,"show_reviews_badge":false,"show_share_buttons":false}},"variant_selector":{"type":"variant_selector","settings":{"selector_mode":"block","color_mode":"color","show_quantity_selector":true,"show_taxes_included":false,"show_inventory_quantity":true,"low_inventory_threshold":0}},"buy_buttons":{"type":"buy_buttons","settings":{"show_payment_button":false,"show_gift_card_recipient":false}},"description":{"type":"description","settings":{"display_mode":"view_more"}},"64d361da-5aa7-4425-bd53-8d8f28216429":{"type":"text","settings":{"content":"<p>✔ <strong>Gratis <\/strong>verzending vanaf 195,-<br\/>✔ <strong>50 jaar<\/strong> garantie op alle producten<br\/>✔ Klantbeoordeling: <strong>4,5 \/ 5<\/strong><\/p>"}},"f8a64a4c-7889-4403-a252-f964acffe067":{"type":"complementary_products","settings":{"title":"Combineren met","products_count":10,"show_quick_buy":true}}},"block_order":["product_meta","variant_selector","buy_buttons","description","64d361da-5aa7-4425-bd53-8d8f28216429","f8a64a4c-7889-4403-a252-f964acffe067"],"settings":{"image_size":"small","enable_video_looping":false,"enable_image_zoom":true,"zoom_effect":"outside","carousel_effect":"fade"}},"343dd37f-ac30-452a-bf2e-a032905ba92f":{"type":"custom-html","settings":{"title":"","html":"<h2>Wat is een knelstrip?<\/h2>\n<p>Tussen de dakbedekking en een rechtop staande muur is er vaak een klein niet afgedicht stukje dakbedekking waar regendruppels doorheen kunnen komen, dit kan lekkage veroorzaken. Een knelprofiel is de oplossing van dit veel voorkomende probleem, omdat deze voor de afdichting kan zorgen. Het aluminium profiel zorgt er ook voor dat het overige EPDM niet te zien is en het dak volledig waterdicht is. <\/p>\n<h2>Waarvoor gebruik je een knelstrip?<\/h2>\n<p>Een <strong>knelstrip<\/strong> is een aluminium profiel dat wordt gebruikt om een bitumen, lood of <a title=\"EPDM Dakbedekking\" href=\"https:\/\/www.rooftopshop.nl\/collections\/epdm-dakbedekking\">EPDM<\/a> muuropstand aan de muur vast te zetten, omdat dit kan zorgen voor lekkage en er niet heel fraai uit ziet. De strip wordt tegen de muur geplaats en is voorzien van 7 of 8 afwateringsgaten, waardoor er zo min mogelijk water langs de muur loopt. <\/p>\n<h2>Dakbenodigdheden kopen bij Rooftopshop<\/h2>\n<p>Bij Rooftopshop vindt je alles wat je nodig hebt op een knelprofiel aan de muur te monteren. Hierbij hebben wij het over EPDM dakbedekking, <a title=\"Montage schroeven\" href=\"https:\/\/www.rooftopshop.nl\/collections\/schroeven\">schroeven<\/a> en polymeer kit. Rooftopshop is bovendien dé one-stop-shop voor al uw dakbenodigheden. Bestel knelstrips bij Roofopshop en profiteer van:<\/p>\n<ul>\n<li>A-kwaliteit producten<\/li>\n<li>Goede prijs-kwaliteitverhouding<\/li>\n<\/ul>"}},"product-recommendations":{"type":"product-recommendations","settings":{"heading":"Misschien heb je dit ook nodig?","show_quick_buy":false}},"recently-viewed-products":{"type":"recently-viewed-products","settings":{"title":"Recent bekeken","show_quick_buy":false}}},"order":["main","343dd37f-ac30-452a-bf2e-a032905ba92f","product-recommendations","recently-viewed-products"]}