{"sections":{"main":{"type":"main-product","blocks":{"product_meta":{"type":"product_meta","settings":{"show_vendor":true,"show_sku":false,"show_reviews_badge":false,"show_share_buttons":true}},"variant_selector":{"type":"variant_selector","settings":{"selector_mode":"block","color_mode":"block","show_quantity_selector":true,"show_taxes_included":false,"show_inventory_quantity":true,"low_inventory_threshold":0}},"cd7a0181-73d6-463a-a43b-eba86227d863":{"type":"shopify:\/\/apps\/easyflow-options\/blocks\/app-embed\/83d04f43-e63e-4a8d-82b9-e4f0b41ef22f","settings":{}},"buy_buttons":{"type":"buy_buttons","settings":{"show_payment_button":false,"show_gift_card_recipient":false}},"description":{"type":"description","settings":{"display_mode":"collapse"}},"f728127c-746a-4c46-bc33-84823531bf75":{"type":"liquid","disabled":true,"settings":{"title":"","liquid":"<br>","display_mode":"show_all"}},"847d5e61-d27a-4fac-ae9c-cf6dd3d6b963":{"type":"text","settings":{"content":"<p>✔ <strong>Gratis <\/strong>verzending vanaf €195,-<br\/>✔ <strong>50 jaar<\/strong> garantie op alle producten<br\/>✔ Klantbeoordeling: <strong>4,5 \/ 5<\/strong><\/p>"}}},"block_order":["product_meta","variant_selector","cd7a0181-73d6-463a-a43b-eba86227d863","buy_buttons","description","f728127c-746a-4c46-bc33-84823531bf75","847d5e61-d27a-4fac-ae9c-cf6dd3d6b963"],"custom_css":[],"settings":{"image_size":"small","enable_video_looping":false,"enable_image_zoom":true,"zoom_effect":"outside","carousel_effect":"fade"}},"1687772555ed2d9754":{"type":"apps","settings":{"include_margins":true}},"d0803697-63a5-4003-9bb9-e2f1796db3f0":{"type":"featured-collection","settings":{"collection":"epdm-pakketten","title":"Aanbevolen artikelen","products_count":12,"layout":"vertical","stack_products":false,"show_quick_buy":false,"link_title":"View all","link_url":""}},"170324469656500b34":{"type":"apps","blocks":{"97c3bb20-2ee5-4348-99e6-f92aa586b80b":{"type":"shopify:\/\/apps\/easyflow-options\/blocks\/app-embed\/83d04f43-e63e-4a8d-82b9-e4f0b41ef22f","settings":{}}},"block_order":["97c3bb20-2ee5-4348-99e6-f92aa586b80b"],"settings":{"include_margins":true}}},"order":["main","1687772555ed2d9754","d0803697-63a5-4003-9bb9-e2f1796db3f0","170324469656500b34"]}