{"current":{"heading_color":"#000000","text_color":"#677279","accent_color":"#e6332a","link_color":"#1e2d7d","border_color":"#e1e3e4","background":"#f3f5f6","secondary_background":"#ffffff","error_color":"#e6332a","success_color":"#00aa00","primary_button_background":"#e6332a","primary_button_text_color":"#ffffff","secondary_button_background":"#e6332a","secondary_button_text_color":"#ffffff","header_background":"#ffffff","header_text_color":"#000000","header_light_text_color":"#a3afef","header_accent_color":"#e6332a","footer_background_color":"#f3f5f6","footer_heading_text_color":"#e6332a","footer_body_text_color":"#677279","footer_accent_color":"#e6332a","product_on_sale_accent":"#677279","product_in_stock_color":"#008a00","product_low_stock_color":"#e6332a","product_sold_out_color":"#8a9297","product_label_1_background":"#008a00","product_label_2_background":"#00a500","product_star_color":"#ffbd00","base_text_font_size":16,"heading_font":"din_next_n5","text_font":"din_next_n4","underline_links":true,"currency_code_enabled":true,"color_swatch_config":"RAL9010 (wit):#FEFCFC\nRAL9001 (crème wit):#f2f0e9\nRAL7016 (antraciet):#40403f\nRAL9005 (zwart):#000\nBrute \/ Aluminium:#c7c7c7\nZwart \/ Aluminium:#000\nZwart:#000\nRAL7016:#40403f\nRAL7037:#7D7F7D\nRAL9011:#1C1C1C\nRAL7015:#434750\nRAL7038:#B5B8B1","animation_image_zoom":false,"show_vendor":false,"show_secondary_image":false,"show_reviews_badge":false,"show_discount":true,"discount_mode":"percentage","product_price_position":"after_title","product_image_size":"short","show_color_swatch":true,"show_inventory_quantity":false,"low_inventory_threshold":0,"cart_type":"page","cart_empty_button_link":"shopify:\/\/collections\/all","cart_show_checkout_button":true,"cart_show_free_shipping_threshold":false,"cart_free_shipping_threshold":"195","social_facebook":"https:\/\/www.facebook.com\/profile.php?id=100067004977778","social_twitter":"","social_pinterest":"","social_instagram":"https:\/\/instagram.com\/rooftopshop.nl?igshid=MTIzZWMxMTBkOA==","social_vimeo":"","social_tumblr":"","social_youtube":"","social_linkedin":"","social_snapchat":"","social_fancy":"","favicon":"shopify:\/\/shop_images\/favicon.png","checkout_header_image":"","checkout_logo_image":"shopify:\/\/shop_images\/logo-origineel-2.png","checkout_logo_position":"left","checkout_logo_size":"small","checkout_body_background_image":"","checkout_body_background_color":"#ffffff","checkout_input_background_color_mode":"white","checkout_sidebar_background_image":"","checkout_sidebar_background_color":"#fafafa","checkout_heading_font":"-apple-system, BlinkMacSystemFont, 'Segoe UI', Roboto, Helvetica, Arial, sans-serif, 'Apple Color Emoji', 'Segoe UI Emoji', 'Segoe UI Symbol'","checkout_body_font":"-apple-system, BlinkMacSystemFont, 'Segoe UI', Roboto, Helvetica, Arial, sans-serif, 'Apple Color Emoji', 'Segoe UI Emoji', 'Segoe UI Symbol'","checkout_accent_color":"#1e2d7d","checkout_button_color":"#008a00","checkout_error_color":"#ff0000","search_mode":"product,article","share_image":"","content_for_index":[],"blocks":{"1787840288555608609":{"type":"shopify:\/\/apps\/live-product-options\/blocks\/app-embed\/88bfdf40-5e27-4962-a966-70c8d1e87757","disabled":false,"settings":{}}}},"presets":{"Metal":{"heading_color":"#1e2d7d","text_color":"#677279","accent_color":"#00badb","link_color":"#00badb","border_color":"#e1e3e4","background":"#f3f5f6","secondary_background":"#ffffff","error_color":"#ff0000","success_color":"#00aa00","primary_button_background":"#00badb","primary_button_text_color":"#ffffff","secondary_button_background":"#1e2d7d","secondary_button_text_color":"#ffffff","header_background":"#1e2d7d","header_text_color":"#ffffff","header_light_text_color":"#a3afef","header_accent_color":"#00badb","product_on_sale_accent":"#ee0000","product_in_stock_color":"#008a00","product_low_stock_color":"#ee0000","product_sold_out_color":"#8a9297","product_label_1_background":"#008a00","product_label_2_background":"#00a500","product_star_color":"#ffbd00","footer_background_color":"#f3f5f6","footer_heading_text_color":"#1e2d7d","footer_body_text_color":"#677279","footer_accent_color":"#00badb","base_text_font_size":16,"heading_font":"din_next_n5","text_font":"din_next_n4","underline_links":true,"animation_image_zoom":true,"search_mode":"product,article","show_vendor":true,"show_secondary_image":true,"product_price_position":"after_title","product_image_size":"natural","show_discount":true,"discount_mode":"saving","show_color_swatch":false,"show_inventory_quantity":false,"low_inventory_threshold":0,"show_reviews_badge":false,"cart_type":"drawer","cart_empty_button_link":"shopify:\/\/collections\/all","cart_show_checkout_button":true,"cart_show_free_shipping_threshold":false,"cart_free_shipping_threshold":"50","share_image":"","social_facebook":"","social_twitter":"","social_pinterest":"","social_instagram":"","social_vimeo":"","social_tumblr":"","social_youtube":"","social_linkedin":"","social_snapchat":"","social_fancy":"","favicon":"","checkout_header_image":"","checkout_logo_image":"","checkout_logo_position":"left","checkout_logo_size":"medium","checkout_body_background_image":"","checkout_body_background_color":"#fff","checkout_input_background_color_mode":"white","checkout_sidebar_background_image":"","checkout_sidebar_background_color":"#fafafa","checkout_heading_font":"-apple-system, BlinkMacSystemFont, 'Segoe UI', Roboto, Helvetica, Arial, sans-serif, 'Apple Color Emoji', 'Segoe UI Emoji', 'Segoe UI Symbol'","checkout_body_font":"-apple-system, BlinkMacSystemFont, 'Segoe UI', Roboto, Helvetica, Arial, sans-serif, 'Apple Color Emoji', 'Segoe UI Emoji', 'Segoe UI Symbol'","checkout_accent_color":"#00badb","checkout_button_color":"#00badb","checkout_error_color":"#ff0000"},"Wood":{"heading_color":"#3a2a2f","text_color":"#3a2a2f","accent_color":"#ff6128","link_color":"#ff6128","border_color":"#e7e2de","background":"#f7f4f2","secondary_background":"#ffffff","error_color":"#f71b1b","success_color":"#48b448","primary_button_background":"#ff6128","primary_button_text_color":"#ffffff","secondary_button_background":"#3a2a2f","secondary_button_text_color":"#ffffff","header_background":"#3a2a2f","header_text_color":"#ffffff","header_light_text_color":"#e9e2dd","header_accent_color":"#ff6128","product_on_sale_accent":"#ee0000","product_in_stock_color":"#008a00","product_low_stock_color":"#ee0000","product_sold_out_color":"#d1d1d4","product_label_1_background":"#ff6128","product_label_2_background":"#a95ebe","product_star_color":"#ffb647","footer_background_color":"#f7f4f2","footer_heading_text_color":"#3a2a2f","footer_body_text_color":"#3a2a2f","footer_accent_color":"#ff6128","base_text_font_size":15,"heading_font":"itc_avant_garde_gothic_n5","text_font":"basic_commercial_n4","underline_links":true,"animation_image_zoom":true,"search_mode":"product,article,page","show_vendor":true,"show_secondary_image":true,"show_discount":true,"discount_mode":"percentage","product_price_position":"after_title","product_image_size":"square","show_color_swatch":false,"show_inventory_quantity":true,"low_inventory_threshold":1,"show_reviews_badge":false,"cart_type":"drawer","cart_empty_button_link":"shopify:\/\/collections\/all","cart_show_checkout_button":true,"cart_show_free_shipping_threshold":true,"cart_free_shipping_threshold":"50","checkout_logo_position":"center","checkout_logo_size":"medium","checkout_body_background_image":"","checkout_body_background_color":"#fff","checkout_input_background_color_mode":"white","checkout_sidebar_background_image":"","checkout_sidebar_background_color":"#f7f4f2","checkout_heading_font":"-apple-system, BlinkMacSystemFont, 'Segoe UI', Roboto, Helvetica, Arial, sans-serif, 'Apple Color Emoji', 'Segoe UI Emoji', 'Segoe UI Symbol'","checkout_body_font":"-apple-system, BlinkMacSystemFont, 'Segoe UI', Roboto, Helvetica, Arial, sans-serif, 'Apple Color Emoji', 'Segoe UI Emoji', 'Segoe UI Symbol'","checkout_accent_color":"#ff6128","checkout_button_color":"#ff6128","checkout_error_color":"#f71b1b"},"Fabric":{"heading_color":"#222021","text_color":"#616161","accent_color":"#cb1836","link_color":"#cb1836","border_color":"#e8e8e8","background":"#f5f5f5","secondary_background":"#ffffff","error_color":"#cf0e0e","success_color":"#1c7b36","primary_button_background":"#cb1836","primary_button_text_color":"#ffffff","secondary_button_background":"#222021","secondary_button_text_color":"#ffffff","header_background":"#222021","header_text_color":"#ffffff","header_light_text_color":"#e8e8e8","header_accent_color":"#cb1836","footer_background_color":"#222021","footer_heading_text_color":"#ffffff","footer_body_text_color":"#ffffff","footer_accent_color":"#cb1836","product_on_sale_accent":"#cf0e0e","product_in_stock_color":"#1c7b36","product_low_stock_color":"#cf0e0e","product_sold_out_color":"#8a9297","product_label_1_background":"#3f6ab1","product_label_2_background":"#8a44ae","product_star_color":"#ffbd00","base_text_font_size":16,"heading_font":"avenir_next_n7","text_font":"avenir_next_n5","underline_links":true,"animation_image_zoom":true,"search_mode":"product,article","show_vendor":true,"show_secondary_image":true,"show_discount":true,"discount_mode":"percentage","product_price_position":"before_title","product_image_size":"square","show_color_swatch":true,"show_inventory_quantity":true,"low_inventory_threshold":2,"show_reviews_badge":true,"cart_type":"drawer","cart_empty_button_link":"shopify:\/\/collections\/all","cart_show_checkout_button":true,"cart_show_free_shipping_threshold":true,"cart_free_shipping_threshold":"49","social_facebook":"","social_twitter":"","social_pinterest":"","social_instagram":"","social_vimeo":"","social_tumblr":"","social_youtube":"","social_linkedin":"","social_snapchat":"","social_fancy":"","favicon":"","checkout_header_image":"","checkout_logo_image":"","checkout_logo_position":"left","checkout_logo_size":"medium","checkout_body_background_image":"","checkout_body_background_color":"#fff","checkout_input_background_color_mode":"white","checkout_sidebar_background_image":"","checkout_sidebar_background_color":"#f5f5f5","checkout_heading_font":"-apple-system, BlinkMacSystemFont, 'Segoe UI', Roboto, Helvetica, Arial, sans-serif, 'Apple Color Emoji', 'Segoe UI Emoji', 'Segoe UI Symbol'","checkout_body_font":"-apple-system, BlinkMacSystemFont, 'Segoe UI', Roboto, Helvetica, Arial, sans-serif, 'Apple Color Emoji', 'Segoe UI Emoji', 'Segoe UI Symbol'","checkout_accent_color":"#cb1836","checkout_button_color":"#cb1836","checkout_error_color":"#ff0000"}}}