[
  {
    "name": "theme_info",
    "theme_name": "Warehouse",
    "theme_author": "Maestrooo",
    "theme_version": "4.2.2",
    "theme_documentation_url": "https://support.maestrooo.com/",
    "theme_support_url": "https://support.maestrooo.com/article/203-contact-us"
  },
  {
    "name": "Colors",
    "settings": [
      {
        "type": "header",
        "content": "General"
      },
      {
        "type": "color",
        "id": "heading_color",
        "label": "Heading",
        "default": "#1c1b1b"
      },
      {
        "type": "color",
        "id": "text_color",
        "label": "Body text",
        "default": "#677279"
      },
      {
        "type": "color",
        "id": "accent_color",
        "label": "Accent",
        "default": "#00badb"
      },
      {
        "type": "color",
        "id": "link_color",
        "label": "Link color",
        "default": "#838383"
      },
      {
        "type": "color",
        "id": "border_color",
        "label": "Border",
        "default": "#e1e3e4"
      },
      {
        "type": "color",
        "id": "background",
        "label": "Background",
        "default": "#f3f5f6"
      },
      {
        "type": "color",
        "id": "secondary_background",
        "label": "Secondary background",
        "info": "For best results, secondary background must not be too far from primary background",
        "default": "#ffffff"
      },
      {
        "type": "color",
        "id": "error_color",
        "label": "Error messages",
        "default": "#ff0000"
      },
      {
        "type": "color",
        "id": "success_color",
        "label": "Success messages",
        "default": "#00aa00"
      },
      {
        "type": "header",
        "content": "Primary button"
      },
      {
        "type": "color",
        "id": "primary_button_background",
        "label": "Background",
        "default": "#00badb"
      },
      {
        "type": "color",
        "id": "primary_button_text_color",
        "label": "Text",
        "default": "#ffffff"
      },
      {
        "type": "header",
        "content": "Secondary button"
      },
      {
        "type": "color",
        "id": "secondary_button_background",
        "label": "Background",
        "default": "#1e2d7d"
      },
      {
        "type": "color",
        "id": "secondary_button_text_color",
        "label": "Text",
        "default": "#ffffff"
      },
      {
        "type": "header",
        "content": "Header"
      },
      {
        "type": "color",
        "id": "header_background",
        "label": "Background",
        "default": "#1e2d7d"
      },
      {
        "type": "color",
        "id": "header_text_color",
        "label": "Text",
        "default": "#ffffff"
      },
      {
        "type": "color",
        "id": "header_light_text_color",
        "label": "Light text",
        "default": "#ffffff"
      },
      {
        "type": "color",
        "id": "header_accent_color",
        "label": "Accent",
        "default": "#00badb"
      },
      {
        "type": "header",
        "content": "Footer"
      },
      {
        "type": "color",
        "id": "footer_background_color",
        "label": "Background",
        "default": "#f3f5f6"
      },
      {
        "type": "color",
        "id": "footer_heading_text_color",
        "label": "Heading text",
        "default": "#1e2d7d"
      },
      {
        "type": "color",
        "id": "footer_body_text_color",
        "label": "Body text",
        "default": "#677279"
      },
      {
        "type": "color",
        "id": "footer_accent_color",
        "label": "Accent",
        "default": "#00badb"
      },
      {
        "type": "header",
        "content": "Product"
      },
      {
        "type": "color",
        "id": "product_on_sale_accent",
        "label": "On sale accent",
        "default": "#ee0000"
      },
      {
        "type": "color",
        "id": "product_in_stock_color",
        "label": "In stock",
        "default": "#00a500"
      },
      {
        "type": "color",
        "id": "product_low_stock_color",
        "label": "Low stock",
        "default": "#ee0000"
      },
      {
        "type": "color",
        "id": "product_sold_out_color",
        "label": "Sold out",
        "default": "#8a9297"
      },
      {
        "type": "color",
        "id": "product_label_1_background",
        "label": "Custom label 1 background",
        "default": "#0774d7"
      },
      {
        "type": "color",
        "id": "product_label_2_background",
        "label": "Custom label 2 background",
        "default": "#00a500"
      },
      {
        "type": "color",
        "id": "product_star_color",
        "label": "Review star",
        "default": "#ffbd00"
      }
    ]
  },
  {
    "name": "Typography",
    "settings": [
      {
        "type": "range",
        "id": "base_text_font_size",
        "label": "Base size",
        "info": "All texts, including headings, will scale accordingly.",
        "min": 14,
        "max": 20,
        "unit": "px",
        "default": 15
      },
      {
        "type": "header",
        "content": "Headings"
      },
      {
        "type": "font_picker",
        "id": "heading_font",
        "label": "Font",
        "default": "helvetica_n4"
      },
      {
        "type": "header",
        "content": "Body text"
      },
      {
        "type": "font_picker",
        "id": "text_font",
        "label": "Font",
        "default": "helvetica_n4"
      },
      {
        "type": "checkbox",
        "id": "underline_links",
        "label": "Underline links",
        "info": "Only applies to links defined in rich text fields.",
        "default": false
      }
    ]
  },
  {
    "name": "Currency format",
    "settings": [
      {
        "type": "header",
        "content": "Currency codes"
      },
      {
        "type": "paragraph",
        "content": "Cart and checkout prices always show currency codes. Example: $1.00 USD."
      },
      {
        "type": "checkbox",
        "id": "currency_code_enabled",
        "label": "Show currency codes",
        "default": false
      }
    ]
  },
  {
    "name": "Color swatch",
    "settings": [
      {
        "type": "textarea",
        "id": "color_swatch_config",
        "label": "Configuration",
        "info": "Each rule must be in its own line. [Learn more](https://support.maestrooo.com/article/80-product-uploading-custom-color-for-color-swatch) about the exact naming convention."
      }
    ]
  },
  {
    "name": "Animation",
    "settings": [
      {
        "type": "checkbox",
        "id": "animation_image_zoom",
        "label": "Enable image zoom on hover",
        "default": true
      }
    ]
  },
  {
    "name": "Products grid",
    "settings": [
      {
        "type": "checkbox",
        "id": "show_vendor",
        "label": "Show vendor",
        "default": false
      },
      {
        "type": "checkbox",
        "id": "show_secondary_image",
        "label": "Show secondary image on hover",
        "default": false
      },
      {
        "type": "checkbox",
        "id": "show_reviews_badge",
        "label": "Show product rating",
        "info": "To display a rating, add a product rating app. [Learn more](https://help.shopify.com/en/manual/products/product-reviews/installation)",
        "default": false
      },
      {
        "type": "checkbox",
        "id": "show_discount",
        "label": "Show discount label",
        "default": true
      },
      {
        "type": "select",
        "id": "discount_mode",
        "label": "Show discount as...",
        "options": [
          {
            "value": "percentage",
            "label": "Percentage"
          },
          {
            "value": "saving",
            "label": "Saving"
          }
        ],
        "default": "saving"
      },
      {
        "type": "select",
        "id": "product_price_position",
        "label": "Price position",
        "options": [
          {
            "value": "before_title",
            "label": "Before product title"
          },
          {
            "value": "after_title",
            "label": "After product title"
          }
        ],
        "default": "after_title"
      },
      {
        "type": "select",
        "id": "product_image_size",
        "label": "Product image size",
        "options": [
          {
            "value": "natural",
            "label": "Natural"
          },
          {
            "value": "short",
            "label": "Short (4:3)"
          },
          {
            "value": "square",
            "label": "Square (1:1)"
          },
          {
            "value": "tall",
            "label": "Tall (2:3)"
          }
        ],
        "default": "natural"
      },
      {
        "type": "checkbox",
        "id": "show_color_swatch",
        "label": "Show color swatch",
        "info": "Colors appear white? [Learn more](http://support.maestrooo.com/article/80-product-uploading-custom-color-for-color-swatch)",
        "default": false
      },
      {
        "type": "checkbox",
        "id": "show_inventory_quantity",
        "label": "Show inventory",
        "default": false
      },
      {
        "type": "range",
        "id": "low_inventory_threshold",
        "label": "Low inventory threshold",
        "info": "Show inventory quantity in red when quantity is below the threshold. Choose 0 to always show in stock if available.",
        "min": 0,
        "max": 100,
        "step": 1,
        "default": 0
      }
    ]
  },
  {
    "name": "Cart",
    "settings": [
      {
        "type": "select",
        "id": "cart_type",
        "label": "Cart type",
        "options": [
          {
            "value": "drawer",
            "label": "Drawer"
          },
          {
            "value": "message",
            "label": "Message"
          },
          {
            "value": "page",
            "label": "Page"
          }
        ],
        "default": "drawer"
      },
      {
        "type": "url",
        "id": "cart_empty_button_link",
        "label": "Empty button link",
        "default": "/collections/all"
      },
      {
        "type": "checkbox",
        "id": "cart_show_checkout_button",
        "label": "Show checkout button in drawer",
        "default": true
      },
      {
        "type": "checkbox",
        "id": "cart_show_free_shipping_threshold",
        "label": "Show free shipping minimum amount",
        "info": "Make sure that you have properly configured your [shipping rates](/admin/settings/shipping).",
        "default": false
      },
      {
        "type": "text",
        "id": "cart_free_shipping_threshold",
        "label": "Free shipping minimum amount",
        "info": "Only write a number, no letters. Wording can be changed in [language settings](https://support.maestrooo.com/article/55-changing-themes-wording).",
        "default": "50"
      }
    ]
  },
  {
    "name": "Social media",
    "settings": [
      {
        "type": "header",
        "content": "Accounts"
      },
      {
        "type": "text",
        "id": "social_facebook",
        "info": "https://www.facebook.com/shopify",
        "label": "Facebook"
      },
      {
        "type": "text",
        "id": "social_twitter",
        "info": "https://twitter.com/shopify",
        "label": "Twitter"
      },
      {
        "type": "text",
        "id": "social_pinterest",
        "info": "https://www.pinterest.com/shopify",
        "label": "Pinterest"
      },
      {
        "type": "text",
        "id": "social_instagram",
        "info": "https://instagram.com/shopify",
        "label": "Instagram"
      },
      {
        "type": "text",
        "id": "social_vimeo",
        "info": "https://vimeo.com/shopify",
        "label": "Vimeo"
      },
      {
        "type": "text",
        "id": "social_tumblr",
        "info": "https://shopify.tumblr.com",
        "label": "Tumblr"
      },
      {
        "type": "text",
        "id": "social_youtube",
        "info": "https://www.youtube.com/user/shopify",
        "label": "YouTube"
      },
      {
        "type": "text",
        "id": "social_tiktok",
        "info": "https://www.tiktok.com/shopify",
        "label": "TikTok"
      },
      {
        "type": "text",
        "id": "social_linkedin",
        "info": "https://linkedin.com/in/shopify",
        "label": "LinkedIn"
      },
      {
        "type": "text",
        "id": "social_snapchat",
        "info": "https://snapchat.com/add/shopify",
        "label": "Snapchat"
      },
      {
        "type": "text",
        "id": "social_fancy",
        "info": "https://fancy.com/Shopify",
        "label": "Fancy"
      }
    ]
  },
  {
    "name": "Favicon",
    "settings": [
      {
        "type": "image_picker",
        "id": "favicon",
        "label": "Image",
        "info": "96 x 96px .png recommended"
      }
    ]
  }
]
